[debug] [2026-03-10T02:10:22.506Z] [Firebase Plugin] Activating Firebase extension.
[debug] [2026-03-10T02:10:32.221Z] [Firebase Plugin] requireAuthWrapper
[debug] [2026-03-10T02:10:32.224Z] > command requires scopes: ["email","openid","https://www.googleapis.com/auth/cloudplatformprojects.readonly","https://www.googleapis.com/auth/firebase","https://www.googleapis.com/auth/cloud-platform"]
[debug] [2026-03-10T02:10:32.225Z] > authorizing via signed-in user (mualee072@gmail.com)
[debug] [2026-03-10T02:10:32.230Z] Checked if tokens are valid: false, expires at: 1773108996177
[debug] [2026-03-10T02:10:32.231Z] Checked if tokens are valid: false, expires at: 1773108996177
[debug] [2026-03-10T02:10:32.232Z] > refreshing access token with scopes: []
[debug] [2026-03-10T02:10:32.234Z] >>> [apiv2][query] POST https://www.googleapis.com/oauth2/v3/token [none]
[debug] [2026-03-10T02:10:32.235Z] >>> [apiv2][body] POST https://www.googleapis.com/oauth2/v3/token [omitted]
[info] [Firebase Plugin] Starting Data Connect toolkit (version 3.2.1) on port 50002
[debug] [2026-03-10T02:10:33.193Z] 'fdc build' failed with error: Unable to build your Data Connect schema and connectors (exit code 1): E0310 09:10:33.176799   23136 cmd.go:43] Error loading data connect config: could not find dataconnect.yaml in `c:\Users\muale\Desktop\SSMI\hrm-portal-ssmi\dataconnect`
 {"metadata":{"emulator":{"name":"dataconnect"},"message":"'fdc build' failed with error: Unable to build your Data Connect schema and connectors (exit code 1): E0310 09:10:33.176799   23136 cmd.go:43] Error loading data connect config: could not find dataconnect.yaml in `c:\\Users\\muale\\Desktop\\SSMI\\hrm-portal-ssmi\\dataconnect`\n"}}
[debug] [2026-03-10T02:10:33.194Z] Ignoring unsupported arg: auto_download {"metadata":{"emulator":{"name":"dataconnect"},"message":"Ignoring unsupported arg: auto_download"}}
[debug] [2026-03-10T02:10:33.195Z] Ignoring unsupported arg: port {"metadata":{"emulator":{"name":"dataconnect"},"message":"Ignoring unsupported arg: port"}}
[debug] [2026-03-10T02:10:33.196Z] Starting Data Connect Emulator with command {"binary":"C:\\Users\\muale\\.cache\\firebase\\emulators\\dataconnect-emulator-3.2.1.exe","args":["--logtostderr","-v=2","dev","--listen=localhost:50002","--config_dir=c:\\Users\\muale\\Desktop\\SSMI\\hrm-portal-ssmi\\dataconnect","--enable_output_schema_extensions=true","--enable_output_generated_sdk=true"],"optionalArgs":["listen","config_dir","enable_output_schema_extensions","enable_output_generated_sdk"],"joinArgs":true,"shell":false,"port":9399} {"metadata":{"emulator":{"name":"dataconnect"},"message":"Starting Data Connect Emulator with command {\"binary\":\"C:\\\\Users\\\\muale\\\\.cache\\\\firebase\\\\emulators\\\\dataconnect-emulator-3.2.1.exe\",\"args\":[\"--logtostderr\",\"-v=2\",\"dev\",\"--listen=localhost:50002\",\"--config_dir=c:\\\\Users\\\\muale\\\\Desktop\\\\SSMI\\\\hrm-portal-ssmi\\\\dataconnect\",\"--enable_output_schema_extensions=true\",\"--enable_output_generated_sdk=true\"],\"optionalArgs\":[\"listen\",\"config_dir\",\"enable_output_schema_extensions\",\"enable_output_generated_sdk\"],\"joinArgs\":true,\"shell\":false,\"port\":9399}"}}
[info] i  dataconnect: Data Connect Emulator logging to dataconnect-debug.log {"metadata":{"emulator":{"name":"dataconnect"},"message":"Data Connect Emulator logging to \u001b[1mdataconnect-debug.log\u001b[22m"}}
[debug] [2026-03-10T02:10:33.418Z] E0310 09:10:33.280037   14756 dev.go:83] Failed to load initial config from "c:\\Users\\muale\\Desktop\\SSMI\\hrm-portal-ssmi\\dataconnect": could not find dataconnect.yaml in `c:\Users\muale\Desktop\SSMI\hrm-portal-ssmi\dataconnect`
E0310 09:10:33.280037   14756 watch.go:116] watchAllDir unable to walk dir `c:\Users\muale\Desktop\SSMI\hrm-portal-ssmi\dataconnect`: CreateFile c:\Users\muale\Desktop\SSMI\hrm-portal-ssmi\dataconnect: The system cannot find the file specified.
I0310 09:10:33.295527   14756 dev.go:104] Listening on address (HTTP + gRPC): 127.0.0.1:50002
 {"metadata":{"emulator":{"name":"dataconnect"},"message":"E0310 09:10:33.280037   14756 dev.go:83] Failed to load initial config from \"c:\\\\Users\\\\muale\\\\Desktop\\\\SSMI\\\\hrm-portal-ssmi\\\\dataconnect\": could not find dataconnect.yaml in `c:\\Users\\muale\\Desktop\\SSMI\\hrm-portal-ssmi\\dataconnect`\nE0310 09:10:33.280037   14756 watch.go:116] watchAllDir unable to walk dir `c:\\Users\\muale\\Desktop\\SSMI\\hrm-portal-ssmi\\dataconnect`: CreateFile c:\\Users\\muale\\Desktop\\SSMI\\hrm-portal-ssmi\\dataconnect: The system cannot find the file specified.\nI0310 09:10:33.295527   14756 dev.go:104] Listening on address (HTTP + gRPC): 127.0.0.1:50002\n"}}
[debug] [2026-03-10T02:10:33.810Z] <<< [apiv2][status] POST https://www.googleapis.com/oauth2/v3/token 200
[debug] [2026-03-10T02:10:33.810Z] <<< [apiv2][body] POST https://www.googleapis.com/oauth2/v3/token [omitted]
[debug] [2026-03-10T02:10:33.823Z] [Firebase Plugin] User found:  mualee072@gmail.com
[info] [Firebase Plugin] (Core:Project) New user detected, fetching projects
[debug] [2026-03-10T02:10:33.825Z] Checked if tokens are valid: true, expires at: 1773112232810
[debug] [2026-03-10T02:10:33.826Z] >>> [apiv2][query] GET https://firebase.googleapis.com/v1beta1/projects pageSize=1000
[error] [Firebase Plugin] error:  {}
[debug] [2026-03-10T02:10:34.827Z] <<< [apiv2][status] GET https://firebase.googleapis.com/v1beta1/projects 200
[debug] [2026-03-10T02:10:34.828Z] <<< [apiv2][body] GET https://firebase.googleapis.com/v1beta1/projects [omitted]
[debug] [2026-03-10T02:10:43.285Z] E0310 09:10:43.283694   14756 watch.go:40] Failed to load config from "c:\\Users\\muale\\Desktop\\SSMI\\hrm-portal-ssmi\\dataconnect": could not find dataconnect.yaml in `c:\Users\muale\Desktop\SSMI\hrm-portal-ssmi\dataconnect`
 {"metadata":{"emulator":{"name":"dataconnect"},"message":"E0310 09:10:43.283694   14756 watch.go:40] Failed to load config from \"c:\\\\Users\\\\muale\\\\Desktop\\\\SSMI\\\\hrm-portal-ssmi\\\\dataconnect\": could not find dataconnect.yaml in `c:\\Users\\muale\\Desktop\\SSMI\\hrm-portal-ssmi\\dataconnect`\n"}}
[debug] [2026-03-10T02:10:53.282Z] E0310 09:10:53.282807   14756 watch.go:40] Failed to load config from "c:\\Users\\muale\\Desktop\\SSMI\\hrm-portal-ssmi\\dataconnect": could not find dataconnect.yaml in `c:\Users\muale\Desktop\SSMI\hrm-portal-ssmi\dataconnect`
 {"metadata":{"emulator":{"name":"dataconnect"},"message":"E0310 09:10:53.282807   14756 watch.go:40] Failed to load config from \"c:\\\\Users\\\\muale\\\\Desktop\\\\SSMI\\\\hrm-portal-ssmi\\\\dataconnect\": could not find dataconnect.yaml in `c:\\Users\\muale\\Desktop\\SSMI\\hrm-portal-ssmi\\dataconnect`\n"}}
[debug] [2026-03-10T02:11:03.282Z] E0310 09:11:03.282857   14756 watch.go:40] Failed to load config from "c:\\Users\\muale\\Desktop\\SSMI\\hrm-portal-ssmi\\dataconnect": could not find dataconnect.yaml in `c:\Users\muale\Desktop\SSMI\hrm-portal-ssmi\dataconnect`
 {"metadata":{"emulator":{"name":"dataconnect"},"message":"E0310 09:11:03.282857   14756 watch.go:40] Failed to load config from \"c:\\\\Users\\\\muale\\\\Desktop\\\\SSMI\\\\hrm-portal-ssmi\\\\dataconnect\": could not find dataconnect.yaml in `c:\\Users\\muale\\Desktop\\SSMI\\hrm-portal-ssmi\\dataconnect`\n"}}
[debug] [2026-03-10T02:11:13.282Z] E0310 09:11:13.283146   14756 watch.go:40] Failed to load config from "c:\\Users\\muale\\Desktop\\SSMI\\hrm-portal-ssmi\\dataconnect": could not find dataconnect.yaml in `c:\Users\muale\Desktop\SSMI\hrm-portal-ssmi\dataconnect`
 {"metadata":{"emulator":{"name":"dataconnect"},"message":"E0310 09:11:13.283146   14756 watch.go:40] Failed to load config from \"c:\\\\Users\\\\muale\\\\Desktop\\\\SSMI\\\\hrm-portal-ssmi\\\\dataconnect\": could not find dataconnect.yaml in `c:\\Users\\muale\\Desktop\\SSMI\\hrm-portal-ssmi\\dataconnect`\n"}}
[debug] [2026-03-10T02:11:23.283Z] E0310 09:11:23.283318   14756 watch.go:40] Failed to load config from "c:\\Users\\muale\\Desktop\\SSMI\\hrm-portal-ssmi\\dataconnect": could not find dataconnect.yaml in `c:\Users\muale\Desktop\SSMI\hrm-portal-ssmi\dataconnect`
 {"metadata":{"emulator":{"name":"dataconnect"},"message":"E0310 09:11:23.283318   14756 watch.go:40] Failed to load config from \"c:\\\\Users\\\\muale\\\\Desktop\\\\SSMI\\\\hrm-portal-ssmi\\\\dataconnect\": could not find dataconnect.yaml in `c:\\Users\\muale\\Desktop\\SSMI\\hrm-portal-ssmi\\dataconnect`\n"}}
[debug] [2026-03-10T02:11:33.283Z] E0310 09:11:33.282742   14756 watch.go:116] watchAllDir unable to walk dir `c:\Users\muale\Desktop\SSMI\hrm-portal-ssmi\dataconnect`: CreateFile c:\Users\muale\Desktop\SSMI\hrm-portal-ssmi\dataconnect: The system cannot find the file specified.
 {"metadata":{"emulator":{"name":"dataconnect"},"message":"E0310 09:11:33.282742   14756 watch.go:116] watchAllDir unable to walk dir `c:\\Users\\muale\\Desktop\\SSMI\\hrm-portal-ssmi\\dataconnect`: CreateFile c:\\Users\\muale\\Desktop\\SSMI\\hrm-portal-ssmi\\dataconnect: The system cannot find the file specified.\n"}}
[debug] [2026-03-10T02:11:33.283Z] E0310 09:11:33.282742   14756 watch.go:40] Failed to load config from "c:\\Users\\muale\\Desktop\\SSMI\\hrm-portal-ssmi\\dataconnect": could not find dataconnect.yaml in `c:\Users\muale\Desktop\SSMI\hrm-portal-ssmi\dataconnect`
 {"metadata":{"emulator":{"name":"dataconnect"},"message":"E0310 09:11:33.282742   14756 watch.go:40] Failed to load config from \"c:\\\\Users\\\\muale\\\\Desktop\\\\SSMI\\\\hrm-portal-ssmi\\\\dataconnect\": could not find dataconnect.yaml in `c:\\Users\\muale\\Desktop\\SSMI\\hrm-portal-ssmi\\dataconnect`\n"}}
[debug] [2026-03-10T02:11:43.283Z] E0310 09:11:43.283594   14756 watch.go:40] Failed to load config from "c:\\Users\\muale\\Desktop\\SSMI\\hrm-portal-ssmi\\dataconnect": could not find dataconnect.yaml in `c:\Users\muale\Desktop\SSMI\hrm-portal-ssmi\dataconnect`
 {"metadata":{"emulator":{"name":"dataconnect"},"message":"E0310 09:11:43.283594   14756 watch.go:40] Failed to load config from \"c:\\\\Users\\\\muale\\\\Desktop\\\\SSMI\\\\hrm-portal-ssmi\\\\dataconnect\": could not find dataconnect.yaml in `c:\\Users\\muale\\Desktop\\SSMI\\hrm-portal-ssmi\\dataconnect`\n"}}
[debug] [2026-03-10T02:11:53.283Z] E0310 09:11:53.283189   14756 watch.go:40] Failed to load config from "c:\\Users\\muale\\Desktop\\SSMI\\hrm-portal-ssmi\\dataconnect": could not find dataconnect.yaml in `c:\Users\muale\Desktop\SSMI\hrm-portal-ssmi\dataconnect`
 {"metadata":{"emulator":{"name":"dataconnect"},"message":"E0310 09:11:53.283189   14756 watch.go:40] Failed to load config from \"c:\\\\Users\\\\muale\\\\Desktop\\\\SSMI\\\\hrm-portal-ssmi\\\\dataconnect\": could not find dataconnect.yaml in `c:\\Users\\muale\\Desktop\\SSMI\\hrm-portal-ssmi\\dataconnect`\n"}}
[debug] [2026-03-10T02:12:03.283Z] E0310 09:12:03.282951   14756 watch.go:40] Failed to load config from "c:\\Users\\muale\\Desktop\\SSMI\\hrm-portal-ssmi\\dataconnect": could not find dataconnect.yaml in `c:\Users\muale\Desktop\SSMI\hrm-portal-ssmi\dataconnect`
 {"metadata":{"emulator":{"name":"dataconnect"},"message":"E0310 09:12:03.282951   14756 watch.go:40] Failed to load config from \"c:\\\\Users\\\\muale\\\\Desktop\\\\SSMI\\\\hrm-portal-ssmi\\\\dataconnect\": could not find dataconnect.yaml in `c:\\Users\\muale\\Desktop\\SSMI\\hrm-portal-ssmi\\dataconnect`\n"}}
[debug] [2026-03-10T02:12:13.283Z] E0310 09:12:13.283966   14756 watch.go:40] Failed to load config from "c:\\Users\\muale\\Desktop\\SSMI\\hrm-portal-ssmi\\dataconnect": could not find dataconnect.yaml in `c:\Users\muale\Desktop\SSMI\hrm-portal-ssmi\dataconnect`
 {"metadata":{"emulator":{"name":"dataconnect"},"message":"E0310 09:12:13.283966   14756 watch.go:40] Failed to load config from \"c:\\\\Users\\\\muale\\\\Desktop\\\\SSMI\\\\hrm-portal-ssmi\\\\dataconnect\": could not find dataconnect.yaml in `c:\\Users\\muale\\Desktop\\SSMI\\hrm-portal-ssmi\\dataconnect`\n"}}
[debug] [2026-03-10T02:12:23.283Z] E0310 09:12:23.283001   14756 watch.go:40] Failed to load config from "c:\\Users\\muale\\Desktop\\SSMI\\hrm-portal-ssmi\\dataconnect": could not find dataconnect.yaml in `c:\Users\muale\Desktop\SSMI\hrm-portal-ssmi\dataconnect`
 {"metadata":{"emulator":{"name":"dataconnect"},"message":"E0310 09:12:23.283001   14756 watch.go:40] Failed to load config from \"c:\\\\Users\\\\muale\\\\Desktop\\\\SSMI\\\\hrm-portal-ssmi\\\\dataconnect\": could not find dataconnect.yaml in `c:\\Users\\muale\\Desktop\\SSMI\\hrm-portal-ssmi\\dataconnect`\n"}}
[debug] [2026-03-10T02:12:33.286Z] E0310 09:12:33.284533   14756 watch.go:116] watchAllDir unable to walk dir `c:\Users\muale\Desktop\SSMI\hrm-portal-ssmi\dataconnect`: CreateFile c:\Users\muale\Desktop\SSMI\hrm-portal-ssmi\dataconnect: The system cannot find the file specified.
E0310 09:12:33.286247   14756 watch.go:40] Failed to load config from "c:\\Users\\muale\\Desktop\\SSMI\\hrm-portal-ssmi\\dataconnect": could not find dataconnect.yaml in `c:\Users\muale\Desktop\SSMI\hrm-portal-ssmi\dataconnect`
 {"metadata":{"emulator":{"name":"dataconnect"},"message":"E0310 09:12:33.284533   14756 watch.go:116] watchAllDir unable to walk dir `c:\\Users\\muale\\Desktop\\SSMI\\hrm-portal-ssmi\\dataconnect`: CreateFile c:\\Users\\muale\\Desktop\\SSMI\\hrm-portal-ssmi\\dataconnect: The system cannot find the file specified.\nE0310 09:12:33.286247   14756 watch.go:40] Failed to load config from \"c:\\\\Users\\\\muale\\\\Desktop\\\\SSMI\\\\hrm-portal-ssmi\\\\dataconnect\": could not find dataconnect.yaml in `c:\\Users\\muale\\Desktop\\SSMI\\hrm-portal-ssmi\\dataconnect`\n"}}
[debug] [2026-03-10T02:12:43.286Z] E0310 09:12:43.285968   14756 watch.go:40] Failed to load config from "c:\\Users\\muale\\Desktop\\SSMI\\hrm-portal-ssmi\\dataconnect": could not find dataconnect.yaml in `c:\Users\muale\Desktop\SSMI\hrm-portal-ssmi\dataconnect`
 {"metadata":{"emulator":{"name":"dataconnect"},"message":"E0310 09:12:43.285968   14756 watch.go:40] Failed to load config from \"c:\\\\Users\\\\muale\\\\Desktop\\\\SSMI\\\\hrm-portal-ssmi\\\\dataconnect\": could not find dataconnect.yaml in `c:\\Users\\muale\\Desktop\\SSMI\\hrm-portal-ssmi\\dataconnect`\n"}}
[debug] [2026-03-10T02:12:53.283Z] E0310 09:12:53.283724   14756 watch.go:40] Failed to load config from "c:\\Users\\muale\\Desktop\\SSMI\\hrm-portal-ssmi\\dataconnect": could not find dataconnect.yaml in `c:\Users\muale\Desktop\SSMI\hrm-portal-ssmi\dataconnect`
 {"metadata":{"emulator":{"name":"dataconnect"},"message":"E0310 09:12:53.283724   14756 watch.go:40] Failed to load config from \"c:\\\\Users\\\\muale\\\\Desktop\\\\SSMI\\\\hrm-portal-ssmi\\\\dataconnect\": could not find dataconnect.yaml in `c:\\Users\\muale\\Desktop\\SSMI\\hrm-portal-ssmi\\dataconnect`\n"}}
[debug] [2026-03-10T02:13:03.283Z] E0310 09:13:03.283295   14756 watch.go:40] Failed to load config from "c:\\Users\\muale\\Desktop\\SSMI\\hrm-portal-ssmi\\dataconnect": could not find dataconnect.yaml in `c:\Users\muale\Desktop\SSMI\hrm-portal-ssmi\dataconnect`
 {"metadata":{"emulator":{"name":"dataconnect"},"message":"E0310 09:13:03.283295   14756 watch.go:40] Failed to load config from \"c:\\\\Users\\\\muale\\\\Desktop\\\\SSMI\\\\hrm-portal-ssmi\\\\dataconnect\": could not find dataconnect.yaml in `c:\\Users\\muale\\Desktop\\SSMI\\hrm-portal-ssmi\\dataconnect`\n"}}
[debug] [2026-03-10T02:13:13.283Z] E0310 09:13:13.282963   14756 watch.go:40] Failed to load config from "c:\\Users\\muale\\Desktop\\SSMI\\hrm-portal-ssmi\\dataconnect": could not find dataconnect.yaml in `c:\Users\muale\Desktop\SSMI\hrm-portal-ssmi\dataconnect`
 {"metadata":{"emulator":{"name":"dataconnect"},"message":"E0310 09:13:13.282963   14756 watch.go:40] Failed to load config from \"c:\\\\Users\\\\muale\\\\Desktop\\\\SSMI\\\\hrm-portal-ssmi\\\\dataconnect\": could not find dataconnect.yaml in `c:\\Users\\muale\\Desktop\\SSMI\\hrm-portal-ssmi\\dataconnect`\n"}}
[debug] [2026-03-10T02:13:23.283Z] E0310 09:13:23.283212   14756 watch.go:40] Failed to load config from "c:\\Users\\muale\\Desktop\\SSMI\\hrm-portal-ssmi\\dataconnect": could not find dataconnect.yaml in `c:\Users\muale\Desktop\SSMI\hrm-portal-ssmi\dataconnect`
 {"metadata":{"emulator":{"name":"dataconnect"},"message":"E0310 09:13:23.283212   14756 watch.go:40] Failed to load config from \"c:\\\\Users\\\\muale\\\\Desktop\\\\SSMI\\\\hrm-portal-ssmi\\\\dataconnect\": could not find dataconnect.yaml in `c:\\Users\\muale\\Desktop\\SSMI\\hrm-portal-ssmi\\dataconnect`\n"}}
[debug] [2026-03-10T02:13:33.282Z] E0310 09:13:33.282751   14756 watch.go:116] watchAllDir unable to walk dir `c:\Users\muale\Desktop\SSMI\hrm-portal-ssmi\dataconnect`: CreateFile c:\Users\muale\Desktop\SSMI\hrm-portal-ssmi\dataconnect: The system cannot find the file specified.
 {"metadata":{"emulator":{"name":"dataconnect"},"message":"E0310 09:13:33.282751   14756 watch.go:116] watchAllDir unable to walk dir `c:\\Users\\muale\\Desktop\\SSMI\\hrm-portal-ssmi\\dataconnect`: CreateFile c:\\Users\\muale\\Desktop\\SSMI\\hrm-portal-ssmi\\dataconnect: The system cannot find the file specified.\n"}}
[debug] [2026-03-10T02:13:33.283Z] E0310 09:13:33.282751   14756 watch.go:40] Failed to load config from "c:\\Users\\muale\\Desktop\\SSMI\\hrm-portal-ssmi\\dataconnect": could not find dataconnect.yaml in `c:\Users\muale\Desktop\SSMI\hrm-portal-ssmi\dataconnect`
 {"metadata":{"emulator":{"name":"dataconnect"},"message":"E0310 09:13:33.282751   14756 watch.go:40] Failed to load config from \"c:\\\\Users\\\\muale\\\\Desktop\\\\SSMI\\\\hrm-portal-ssmi\\\\dataconnect\": could not find dataconnect.yaml in `c:\\Users\\muale\\Desktop\\SSMI\\hrm-portal-ssmi\\dataconnect`\n"}}
[debug] [2026-03-10T02:13:43.284Z] E0310 09:13:43.283810   14756 watch.go:40] Failed to load config from "c:\\Users\\muale\\Desktop\\SSMI\\hrm-portal-ssmi\\dataconnect": could not find dataconnect.yaml in `c:\Users\muale\Desktop\SSMI\hrm-portal-ssmi\dataconnect`
 {"metadata":{"emulator":{"name":"dataconnect"},"message":"E0310 09:13:43.283810   14756 watch.go:40] Failed to load config from \"c:\\\\Users\\\\muale\\\\Desktop\\\\SSMI\\\\hrm-portal-ssmi\\\\dataconnect\": could not find dataconnect.yaml in `c:\\Users\\muale\\Desktop\\SSMI\\hrm-portal-ssmi\\dataconnect`\n"}}
[debug] [2026-03-10T02:13:53.283Z] E0310 09:13:53.283589   14756 watch.go:40] Failed to load config from "c:\\Users\\muale\\Desktop\\SSMI\\hrm-portal-ssmi\\dataconnect": could not find dataconnect.yaml in `c:\Users\muale\Desktop\SSMI\hrm-portal-ssmi\dataconnect`
 {"metadata":{"emulator":{"name":"dataconnect"},"message":"E0310 09:13:53.283589   14756 watch.go:40] Failed to load config from \"c:\\\\Users\\\\muale\\\\Desktop\\\\SSMI\\\\hrm-portal-ssmi\\\\dataconnect\": could not find dataconnect.yaml in `c:\\Users\\muale\\Desktop\\SSMI\\hrm-portal-ssmi\\dataconnect`\n"}}
[debug] [2026-03-10T02:14:03.284Z] E0310 09:14:03.283696   14756 watch.go:40] Failed to load config from "c:\\Users\\muale\\Desktop\\SSMI\\hrm-portal-ssmi\\dataconnect": could not find dataconnect.yaml in `c:\Users\muale\Desktop\SSMI\hrm-portal-ssmi\dataconnect`
 {"metadata":{"emulator":{"name":"dataconnect"},"message":"E0310 09:14:03.283696   14756 watch.go:40] Failed to load config from \"c:\\\\Users\\\\muale\\\\Desktop\\\\SSMI\\\\hrm-portal-ssmi\\\\dataconnect\": could not find dataconnect.yaml in `c:\\Users\\muale\\Desktop\\SSMI\\hrm-portal-ssmi\\dataconnect`\n"}}
[debug] [2026-03-10T02:14:13.282Z] E0310 09:14:13.282733   14756 watch.go:40] Failed to load config from "c:\\Users\\muale\\Desktop\\SSMI\\hrm-portal-ssmi\\dataconnect": could not find dataconnect.yaml in `c:\Users\muale\Desktop\SSMI\hrm-portal-ssmi\dataconnect`
 {"metadata":{"emulator":{"name":"dataconnect"},"message":"E0310 09:14:13.282733   14756 watch.go:40] Failed to load config from \"c:\\\\Users\\\\muale\\\\Desktop\\\\SSMI\\\\hrm-portal-ssmi\\\\dataconnect\": could not find dataconnect.yaml in `c:\\Users\\muale\\Desktop\\SSMI\\hrm-portal-ssmi\\dataconnect`\n"}}
[debug] [2026-03-10T02:14:24.242Z] E0310 09:14:24.206363   14756 watch.go:40] Failed to load config from "c:\\Users\\muale\\Desktop\\SSMI\\hrm-portal-ssmi\\dataconnect": could not find dataconnect.yaml in `c:\Users\muale\Desktop\SSMI\hrm-portal-ssmi\dataconnect`
 {"metadata":{"emulator":{"name":"dataconnect"},"message":"E0310 09:14:24.206363   14756 watch.go:40] Failed to load config from \"c:\\\\Users\\\\muale\\\\Desktop\\\\SSMI\\\\hrm-portal-ssmi\\\\dataconnect\": could not find dataconnect.yaml in `c:\\Users\\muale\\Desktop\\SSMI\\hrm-portal-ssmi\\dataconnect`\n"}}
[debug] [2026-03-10T02:14:33.313Z] E0310 09:14:33.305262   14756 watch.go:116] watchAllDir unable to walk dir `c:\Users\muale\Desktop\SSMI\hrm-portal-ssmi\dataconnect`: CreateFile c:\Users\muale\Desktop\SSMI\hrm-portal-ssmi\dataconnect: The system cannot find the file specified.
 {"metadata":{"emulator":{"name":"dataconnect"},"message":"E0310 09:14:33.305262   14756 watch.go:116] watchAllDir unable to walk dir `c:\\Users\\muale\\Desktop\\SSMI\\hrm-portal-ssmi\\dataconnect`: CreateFile c:\\Users\\muale\\Desktop\\SSMI\\hrm-portal-ssmi\\dataconnect: The system cannot find the file specified.\n"}}
[debug] [2026-03-10T02:14:33.344Z] E0310 09:14:33.344066   14756 watch.go:40] Failed to load config from "c:\\Users\\muale\\Desktop\\SSMI\\hrm-portal-ssmi\\dataconnect": could not find dataconnect.yaml in `c:\Users\muale\Desktop\SSMI\hrm-portal-ssmi\dataconnect`
 {"metadata":{"emulator":{"name":"dataconnect"},"message":"E0310 09:14:33.344066   14756 watch.go:40] Failed to load config from \"c:\\\\Users\\\\muale\\\\Desktop\\\\SSMI\\\\hrm-portal-ssmi\\\\dataconnect\": could not find dataconnect.yaml in `c:\\Users\\muale\\Desktop\\SSMI\\hrm-portal-ssmi\\dataconnect`\n"}}
[debug] [2026-03-10T02:14:43.289Z] E0310 09:14:43.287482   14756 watch.go:40] Failed to load config from "c:\\Users\\muale\\Desktop\\SSMI\\hrm-portal-ssmi\\dataconnect": could not find dataconnect.yaml in `c:\Users\muale\Desktop\SSMI\hrm-portal-ssmi\dataconnect`
 {"metadata":{"emulator":{"name":"dataconnect"},"message":"E0310 09:14:43.287482   14756 watch.go:40] Failed to load config from \"c:\\\\Users\\\\muale\\\\Desktop\\\\SSMI\\\\hrm-portal-ssmi\\\\dataconnect\": could not find dataconnect.yaml in `c:\\Users\\muale\\Desktop\\SSMI\\hrm-portal-ssmi\\dataconnect`\n"}}
[debug] [2026-03-10T02:16:08.785Z] E0310 09:16:08.785908   14756 watch.go:116] watchAllDir unable to walk dir `c:\Users\muale\Desktop\SSMI\hrm-portal-ssmi\dataconnect`: CreateFile c:\Users\muale\Desktop\SSMI\hrm-portal-ssmi\dataconnect: The system cannot find the file specified.
 {"metadata":{"emulator":{"name":"dataconnect"},"message":"E0310 09:16:08.785908   14756 watch.go:116] watchAllDir unable to walk dir `c:\\Users\\muale\\Desktop\\SSMI\\hrm-portal-ssmi\\dataconnect`: CreateFile c:\\Users\\muale\\Desktop\\SSMI\\hrm-portal-ssmi\\dataconnect: The system cannot find the file specified.\n"}}
[debug] [2026-03-10T02:16:08.787Z] E0310 09:16:08.785908   14756 watch.go:40] Failed to load config from "c:\\Users\\muale\\Desktop\\SSMI\\hrm-portal-ssmi\\dataconnect": could not find dataconnect.yaml in `c:\Users\muale\Desktop\SSMI\hrm-portal-ssmi\dataconnect`
 {"metadata":{"emulator":{"name":"dataconnect"},"message":"E0310 09:16:08.785908   14756 watch.go:40] Failed to load config from \"c:\\\\Users\\\\muale\\\\Desktop\\\\SSMI\\\\hrm-portal-ssmi\\\\dataconnect\": could not find dataconnect.yaml in `c:\\Users\\muale\\Desktop\\SSMI\\hrm-portal-ssmi\\dataconnect`\n"}}
[debug] [2026-03-10T02:16:13.283Z] E0310 09:16:13.283559   14756 watch.go:40] Failed to load config from "c:\\Users\\muale\\Desktop\\SSMI\\hrm-portal-ssmi\\dataconnect": could not find dataconnect.yaml in `c:\Users\muale\Desktop\SSMI\hrm-portal-ssmi\dataconnect`
 {"metadata":{"emulator":{"name":"dataconnect"},"message":"E0310 09:16:13.283559   14756 watch.go:40] Failed to load config from \"c:\\\\Users\\\\muale\\\\Desktop\\\\SSMI\\\\hrm-portal-ssmi\\\\dataconnect\": could not find dataconnect.yaml in `c:\\Users\\muale\\Desktop\\SSMI\\hrm-portal-ssmi\\dataconnect`\n"}}
[debug] [2026-03-10T02:16:23.283Z] E0310 09:16:23.283268   14756 watch.go:40] Failed to load config from "c:\\Users\\muale\\Desktop\\SSMI\\hrm-portal-ssmi\\dataconnect": could not find dataconnect.yaml in `c:\Users\muale\Desktop\SSMI\hrm-portal-ssmi\dataconnect`
 {"metadata":{"emulator":{"name":"dataconnect"},"message":"E0310 09:16:23.283268   14756 watch.go:40] Failed to load config from \"c:\\\\Users\\\\muale\\\\Desktop\\\\SSMI\\\\hrm-portal-ssmi\\\\dataconnect\": could not find dataconnect.yaml in `c:\\Users\\muale\\Desktop\\SSMI\\hrm-portal-ssmi\\dataconnect`\n"}}
[debug] [2026-03-10T02:16:33.282Z] E0310 09:16:33.282679   14756 watch.go:116] watchAllDir unable to walk dir `c:\Users\muale\Desktop\SSMI\hrm-portal-ssmi\dataconnect`: CreateFile c:\Users\muale\Desktop\SSMI\hrm-portal-ssmi\dataconnect: The system cannot find the file specified.
 {"metadata":{"emulator":{"name":"dataconnect"},"message":"E0310 09:16:33.282679   14756 watch.go:116] watchAllDir unable to walk dir `c:\\Users\\muale\\Desktop\\SSMI\\hrm-portal-ssmi\\dataconnect`: CreateFile c:\\Users\\muale\\Desktop\\SSMI\\hrm-portal-ssmi\\dataconnect: The system cannot find the file specified.\n"}}
[debug] [2026-03-10T02:16:33.283Z] E0310 09:16:33.282679   14756 watch.go:40] Failed to load config from "c:\\Users\\muale\\Desktop\\SSMI\\hrm-portal-ssmi\\dataconnect": could not find dataconnect.yaml in `c:\Users\muale\Desktop\SSMI\hrm-portal-ssmi\dataconnect`
 {"metadata":{"emulator":{"name":"dataconnect"},"message":"E0310 09:16:33.282679   14756 watch.go:40] Failed to load config from \"c:\\\\Users\\\\muale\\\\Desktop\\\\SSMI\\\\hrm-portal-ssmi\\\\dataconnect\": could not find dataconnect.yaml in `c:\\Users\\muale\\Desktop\\SSMI\\hrm-portal-ssmi\\dataconnect`\n"}}
[debug] [2026-03-10T02:16:43.283Z] E0310 09:16:43.283318   14756 watch.go:40] Failed to load config from "c:\\Users\\muale\\Desktop\\SSMI\\hrm-portal-ssmi\\dataconnect": could not find dataconnect.yaml in `c:\Users\muale\Desktop\SSMI\hrm-portal-ssmi\dataconnect`
 {"metadata":{"emulator":{"name":"dataconnect"},"message":"E0310 09:16:43.283318   14756 watch.go:40] Failed to load config from \"c:\\\\Users\\\\muale\\\\Desktop\\\\SSMI\\\\hrm-portal-ssmi\\\\dataconnect\": could not find dataconnect.yaml in `c:\\Users\\muale\\Desktop\\SSMI\\hrm-portal-ssmi\\dataconnect`\n"}}
[debug] [2026-03-10T02:16:53.283Z] E0310 09:16:53.283008   14756 watch.go:40] Failed to load config from "c:\\Users\\muale\\Desktop\\SSMI\\hrm-portal-ssmi\\dataconnect": could not find dataconnect.yaml in `c:\Users\muale\Desktop\SSMI\hrm-portal-ssmi\dataconnect`
 {"metadata":{"emulator":{"name":"dataconnect"},"message":"E0310 09:16:53.283008   14756 watch.go:40] Failed to load config from \"c:\\\\Users\\\\muale\\\\Desktop\\\\SSMI\\\\hrm-portal-ssmi\\\\dataconnect\": could not find dataconnect.yaml in `c:\\Users\\muale\\Desktop\\SSMI\\hrm-portal-ssmi\\dataconnect`\n"}}
[debug] [2026-03-10T02:17:03.283Z] E0310 09:17:03.282652   14756 watch.go:40] Failed to load config from "c:\\Users\\muale\\Desktop\\SSMI\\hrm-portal-ssmi\\dataconnect": could not find dataconnect.yaml in `c:\Users\muale\Desktop\SSMI\hrm-portal-ssmi\dataconnect`
 {"metadata":{"emulator":{"name":"dataconnect"},"message":"E0310 09:17:03.282652   14756 watch.go:40] Failed to load config from \"c:\\\\Users\\\\muale\\\\Desktop\\\\SSMI\\\\hrm-portal-ssmi\\\\dataconnect\": could not find dataconnect.yaml in `c:\\Users\\muale\\Desktop\\SSMI\\hrm-portal-ssmi\\dataconnect`\n"}}
[debug] [2026-03-10T02:17:13.283Z] E0310 09:17:13.282556   14756 watch.go:40] Failed to load config from "c:\\Users\\muale\\Desktop\\SSMI\\hrm-portal-ssmi\\dataconnect": could not find dataconnect.yaml in `c:\Users\muale\Desktop\SSMI\hrm-portal-ssmi\dataconnect`
 {"metadata":{"emulator":{"name":"dataconnect"},"message":"E0310 09:17:13.282556   14756 watch.go:40] Failed to load config from \"c:\\\\Users\\\\muale\\\\Desktop\\\\SSMI\\\\hrm-portal-ssmi\\\\dataconnect\": could not find dataconnect.yaml in `c:\\Users\\muale\\Desktop\\SSMI\\hrm-portal-ssmi\\dataconnect`\n"}}
[debug] [2026-03-10T02:17:23.283Z] E0310 09:17:23.282851   14756 watch.go:40] Failed to load config from "c:\\Users\\muale\\Desktop\\SSMI\\hrm-portal-ssmi\\dataconnect": could not find dataconnect.yaml in `c:\Users\muale\Desktop\SSMI\hrm-portal-ssmi\dataconnect`
 {"metadata":{"emulator":{"name":"dataconnect"},"message":"E0310 09:17:23.282851   14756 watch.go:40] Failed to load config from \"c:\\\\Users\\\\muale\\\\Desktop\\\\SSMI\\\\hrm-portal-ssmi\\\\dataconnect\": could not find dataconnect.yaml in `c:\\Users\\muale\\Desktop\\SSMI\\hrm-portal-ssmi\\dataconnect`\n"}}
[debug] [2026-03-10T02:17:33.282Z] E0310 09:17:33.282562   14756 watch.go:116] watchAllDir unable to walk dir `c:\Users\muale\Desktop\SSMI\hrm-portal-ssmi\dataconnect`: CreateFile c:\Users\muale\Desktop\SSMI\hrm-portal-ssmi\dataconnect: The system cannot find the file specified.
 {"metadata":{"emulator":{"name":"dataconnect"},"message":"E0310 09:17:33.282562   14756 watch.go:116] watchAllDir unable to walk dir `c:\\Users\\muale\\Desktop\\SSMI\\hrm-portal-ssmi\\dataconnect`: CreateFile c:\\Users\\muale\\Desktop\\SSMI\\hrm-portal-ssmi\\dataconnect: The system cannot find the file specified.\n"}}
[debug] [2026-03-10T02:17:33.283Z] E0310 09:17:33.283149   14756 watch.go:40] Failed to load config from "c:\\Users\\muale\\Desktop\\SSMI\\hrm-portal-ssmi\\dataconnect": could not find dataconnect.yaml in `c:\Users\muale\Desktop\SSMI\hrm-portal-ssmi\dataconnect`
 {"metadata":{"emulator":{"name":"dataconnect"},"message":"E0310 09:17:33.283149   14756 watch.go:40] Failed to load config from \"c:\\\\Users\\\\muale\\\\Desktop\\\\SSMI\\\\hrm-portal-ssmi\\\\dataconnect\": could not find dataconnect.yaml in `c:\\Users\\muale\\Desktop\\SSMI\\hrm-portal-ssmi\\dataconnect`\n"}}
[debug] [2026-03-10T02:17:43.283Z] E0310 09:17:43.282670   14756 watch.go:40] Failed to load config from "c:\\Users\\muale\\Desktop\\SSMI\\hrm-portal-ssmi\\dataconnect": could not find dataconnect.yaml in `c:\Users\muale\Desktop\SSMI\hrm-portal-ssmi\dataconnect`
 {"metadata":{"emulator":{"name":"dataconnect"},"message":"E0310 09:17:43.282670   14756 watch.go:40] Failed to load config from \"c:\\\\Users\\\\muale\\\\Desktop\\\\SSMI\\\\hrm-portal-ssmi\\\\dataconnect\": could not find dataconnect.yaml in `c:\\Users\\muale\\Desktop\\SSMI\\hrm-portal-ssmi\\dataconnect`\n"}}
[debug] [2026-03-10T02:17:53.283Z] E0310 09:17:53.282575   14756 watch.go:40] Failed to load config from "c:\\Users\\muale\\Desktop\\SSMI\\hrm-portal-ssmi\\dataconnect": could not find dataconnect.yaml in `c:\Users\muale\Desktop\SSMI\hrm-portal-ssmi\dataconnect`
 {"metadata":{"emulator":{"name":"dataconnect"},"message":"E0310 09:17:53.282575   14756 watch.go:40] Failed to load config from \"c:\\\\Users\\\\muale\\\\Desktop\\\\SSMI\\\\hrm-portal-ssmi\\\\dataconnect\": could not find dataconnect.yaml in `c:\\Users\\muale\\Desktop\\SSMI\\hrm-portal-ssmi\\dataconnect`\n"}}
[debug] [2026-03-10T02:18:03.283Z] E0310 09:18:03.282993   14756 watch.go:40] Failed to load config from "c:\\Users\\muale\\Desktop\\SSMI\\hrm-portal-ssmi\\dataconnect": could not find dataconnect.yaml in `c:\Users\muale\Desktop\SSMI\hrm-portal-ssmi\dataconnect`
 {"metadata":{"emulator":{"name":"dataconnect"},"message":"E0310 09:18:03.282993   14756 watch.go:40] Failed to load config from \"c:\\\\Users\\\\muale\\\\Desktop\\\\SSMI\\\\hrm-portal-ssmi\\\\dataconnect\": could not find dataconnect.yaml in `c:\\Users\\muale\\Desktop\\SSMI\\hrm-portal-ssmi\\dataconnect`\n"}}
[debug] [2026-03-10T02:18:13.283Z] E0310 09:18:13.283200   14756 watch.go:40] Failed to load config from "c:\\Users\\muale\\Desktop\\SSMI\\hrm-portal-ssmi\\dataconnect": could not find dataconnect.yaml in `c:\Users\muale\Desktop\SSMI\hrm-portal-ssmi\dataconnect`
 {"metadata":{"emulator":{"name":"dataconnect"},"message":"E0310 09:18:13.283200   14756 watch.go:40] Failed to load config from \"c:\\\\Users\\\\muale\\\\Desktop\\\\SSMI\\\\hrm-portal-ssmi\\\\dataconnect\": could not find dataconnect.yaml in `c:\\Users\\muale\\Desktop\\SSMI\\hrm-portal-ssmi\\dataconnect`\n"}}
[debug] [2026-03-10T02:18:23.283Z] E0310 09:18:23.282849   14756 watch.go:40] Failed to load config from "c:\\Users\\muale\\Desktop\\SSMI\\hrm-portal-ssmi\\dataconnect": could not find dataconnect.yaml in `c:\Users\muale\Desktop\SSMI\hrm-portal-ssmi\dataconnect`
 {"metadata":{"emulator":{"name":"dataconnect"},"message":"E0310 09:18:23.282849   14756 watch.go:40] Failed to load config from \"c:\\\\Users\\\\muale\\\\Desktop\\\\SSMI\\\\hrm-portal-ssmi\\\\dataconnect\": could not find dataconnect.yaml in `c:\\Users\\muale\\Desktop\\SSMI\\hrm-portal-ssmi\\dataconnect`\n"}}
[debug] [2026-03-10T02:18:33.283Z] E0310 09:18:33.282918   14756 watch.go:116] watchAllDir unable to walk dir `c:\Users\muale\Desktop\SSMI\hrm-portal-ssmi\dataconnect`: CreateFile c:\Users\muale\Desktop\SSMI\hrm-portal-ssmi\dataconnect: The system cannot find the file specified.
 {"metadata":{"emulator":{"name":"dataconnect"},"message":"E0310 09:18:33.282918   14756 watch.go:116] watchAllDir unable to walk dir `c:\\Users\\muale\\Desktop\\SSMI\\hrm-portal-ssmi\\dataconnect`: CreateFile c:\\Users\\muale\\Desktop\\SSMI\\hrm-portal-ssmi\\dataconnect: The system cannot find the file specified.\n"}}
[debug] [2026-03-10T02:18:33.284Z] E0310 09:18:33.282918   14756 watch.go:40] Failed to load config from "c:\\Users\\muale\\Desktop\\SSMI\\hrm-portal-ssmi\\dataconnect": could not find dataconnect.yaml in `c:\Users\muale\Desktop\SSMI\hrm-portal-ssmi\dataconnect`
 {"metadata":{"emulator":{"name":"dataconnect"},"message":"E0310 09:18:33.282918   14756 watch.go:40] Failed to load config from \"c:\\\\Users\\\\muale\\\\Desktop\\\\SSMI\\\\hrm-portal-ssmi\\\\dataconnect\": could not find dataconnect.yaml in `c:\\Users\\muale\\Desktop\\SSMI\\hrm-portal-ssmi\\dataconnect`\n"}}
[debug] [2026-03-10T02:18:43.283Z] E0310 09:18:43.282796   14756 watch.go:40] Failed to load config from "c:\\Users\\muale\\Desktop\\SSMI\\hrm-portal-ssmi\\dataconnect": could not find dataconnect.yaml in `c:\Users\muale\Desktop\SSMI\hrm-portal-ssmi\dataconnect`
 {"metadata":{"emulator":{"name":"dataconnect"},"message":"E0310 09:18:43.282796   14756 watch.go:40] Failed to load config from \"c:\\\\Users\\\\muale\\\\Desktop\\\\SSMI\\\\hrm-portal-ssmi\\\\dataconnect\": could not find dataconnect.yaml in `c:\\Users\\muale\\Desktop\\SSMI\\hrm-portal-ssmi\\dataconnect`\n"}}
[debug] [2026-03-10T02:18:53.283Z] E0310 09:18:53.283485   14756 watch.go:40] Failed to load config from "c:\\Users\\muale\\Desktop\\SSMI\\hrm-portal-ssmi\\dataconnect": could not find dataconnect.yaml in `c:\Users\muale\Desktop\SSMI\hrm-portal-ssmi\dataconnect`
 {"metadata":{"emulator":{"name":"dataconnect"},"message":"E0310 09:18:53.283485   14756 watch.go:40] Failed to load config from \"c:\\\\Users\\\\muale\\\\Desktop\\\\SSMI\\\\hrm-portal-ssmi\\\\dataconnect\": could not find dataconnect.yaml in `c:\\Users\\muale\\Desktop\\SSMI\\hrm-portal-ssmi\\dataconnect`\n"}}
[debug] [2026-03-10T02:19:03.283Z] E0310 09:19:03.282669   14756 watch.go:40] Failed to load config from "c:\\Users\\muale\\Desktop\\SSMI\\hrm-portal-ssmi\\dataconnect": could not find dataconnect.yaml in `c:\Users\muale\Desktop\SSMI\hrm-portal-ssmi\dataconnect`
 {"metadata":{"emulator":{"name":"dataconnect"},"message":"E0310 09:19:03.282669   14756 watch.go:40] Failed to load config from \"c:\\\\Users\\\\muale\\\\Desktop\\\\SSMI\\\\hrm-portal-ssmi\\\\dataconnect\": could not find dataconnect.yaml in `c:\\Users\\muale\\Desktop\\SSMI\\hrm-portal-ssmi\\dataconnect`\n"}}
[debug] [2026-03-10T02:19:13.283Z] E0310 09:19:13.283009   14756 watch.go:40] Failed to load config from "c:\\Users\\muale\\Desktop\\SSMI\\hrm-portal-ssmi\\dataconnect": could not find dataconnect.yaml in `c:\Users\muale\Desktop\SSMI\hrm-portal-ssmi\dataconnect`
 {"metadata":{"emulator":{"name":"dataconnect"},"message":"E0310 09:19:13.283009   14756 watch.go:40] Failed to load config from \"c:\\\\Users\\\\muale\\\\Desktop\\\\SSMI\\\\hrm-portal-ssmi\\\\dataconnect\": could not find dataconnect.yaml in `c:\\Users\\muale\\Desktop\\SSMI\\hrm-portal-ssmi\\dataconnect`\n"}}
[debug] [2026-03-10T02:19:23.282Z] E0310 09:19:23.282628   14756 watch.go:40] Failed to load config from "c:\\Users\\muale\\Desktop\\SSMI\\hrm-portal-ssmi\\dataconnect": could not find dataconnect.yaml in `c:\Users\muale\Desktop\SSMI\hrm-portal-ssmi\dataconnect`
 {"metadata":{"emulator":{"name":"dataconnect"},"message":"E0310 09:19:23.282628   14756 watch.go:40] Failed to load config from \"c:\\\\Users\\\\muale\\\\Desktop\\\\SSMI\\\\hrm-portal-ssmi\\\\dataconnect\": could not find dataconnect.yaml in `c:\\Users\\muale\\Desktop\\SSMI\\hrm-portal-ssmi\\dataconnect`\n"}}
[debug] [2026-03-10T02:19:33.285Z] E0310 09:19:33.283368   14756 watch.go:116] watchAllDir unable to walk dir `c:\Users\muale\Desktop\SSMI\hrm-portal-ssmi\dataconnect`: CreateFile c:\Users\muale\Desktop\SSMI\hrm-portal-ssmi\dataconnect: The system cannot find the file specified.
E0310 09:19:33.285086   14756 watch.go:40] Failed to load config from "c:\\Users\\muale\\Desktop\\SSMI\\hrm-portal-ssmi\\dataconnect": could not find dataconnect.yaml in `c:\Users\muale\Desktop\SSMI\hrm-portal-ssmi\dataconnect`
 {"metadata":{"emulator":{"name":"dataconnect"},"message":"E0310 09:19:33.283368   14756 watch.go:116] watchAllDir unable to walk dir `c:\\Users\\muale\\Desktop\\SSMI\\hrm-portal-ssmi\\dataconnect`: CreateFile c:\\Users\\muale\\Desktop\\SSMI\\hrm-portal-ssmi\\dataconnect: The system cannot find the file specified.\nE0310 09:19:33.285086   14756 watch.go:40] Failed to load config from \"c:\\\\Users\\\\muale\\\\Desktop\\\\SSMI\\\\hrm-portal-ssmi\\\\dataconnect\": could not find dataconnect.yaml in `c:\\Users\\muale\\Desktop\\SSMI\\hrm-portal-ssmi\\dataconnect`\n"}}
[debug] [2026-03-10T02:19:43.283Z] E0310 09:19:43.283599   14756 watch.go:40] Failed to load config from "c:\\Users\\muale\\Desktop\\SSMI\\hrm-portal-ssmi\\dataconnect": could not find dataconnect.yaml in `c:\Users\muale\Desktop\SSMI\hrm-portal-ssmi\dataconnect`
 {"metadata":{"emulator":{"name":"dataconnect"},"message":"E0310 09:19:43.283599   14756 watch.go:40] Failed to load config from \"c:\\\\Users\\\\muale\\\\Desktop\\\\SSMI\\\\hrm-portal-ssmi\\\\dataconnect\": could not find dataconnect.yaml in `c:\\Users\\muale\\Desktop\\SSMI\\hrm-portal-ssmi\\dataconnect`\n"}}
[debug] [2026-03-10T02:19:53.283Z] E0310 09:19:53.283563   14756 watch.go:40] Failed to load config from "c:\\Users\\muale\\Desktop\\SSMI\\hrm-portal-ssmi\\dataconnect": could not find dataconnect.yaml in `c:\Users\muale\Desktop\SSMI\hrm-portal-ssmi\dataconnect`
 {"metadata":{"emulator":{"name":"dataconnect"},"message":"E0310 09:19:53.283563   14756 watch.go:40] Failed to load config from \"c:\\\\Users\\\\muale\\\\Desktop\\\\SSMI\\\\hrm-portal-ssmi\\\\dataconnect\": could not find dataconnect.yaml in `c:\\Users\\muale\\Desktop\\SSMI\\hrm-portal-ssmi\\dataconnect`\n"}}
[debug] [2026-03-10T02:20:03.282Z] E0310 09:20:03.282841   14756 watch.go:40] Failed to load config from "c:\\Users\\muale\\Desktop\\SSMI\\hrm-portal-ssmi\\dataconnect": could not find dataconnect.yaml in `c:\Users\muale\Desktop\SSMI\hrm-portal-ssmi\dataconnect`
 {"metadata":{"emulator":{"name":"dataconnect"},"message":"E0310 09:20:03.282841   14756 watch.go:40] Failed to load config from \"c:\\\\Users\\\\muale\\\\Desktop\\\\SSMI\\\\hrm-portal-ssmi\\\\dataconnect\": could not find dataconnect.yaml in `c:\\Users\\muale\\Desktop\\SSMI\\hrm-portal-ssmi\\dataconnect`\n"}}
[debug] [2026-03-10T02:20:13.354Z] E0310 09:20:13.344524   14756 watch.go:40] Failed to load config from "c:\\Users\\muale\\Desktop\\SSMI\\hrm-portal-ssmi\\dataconnect": could not find dataconnect.yaml in `c:\Users\muale\Desktop\SSMI\hrm-portal-ssmi\dataconnect`
 {"metadata":{"emulator":{"name":"dataconnect"},"message":"E0310 09:20:13.344524   14756 watch.go:40] Failed to load config from \"c:\\\\Users\\\\muale\\\\Desktop\\\\SSMI\\\\hrm-portal-ssmi\\\\dataconnect\": could not find dataconnect.yaml in `c:\\Users\\muale\\Desktop\\SSMI\\hrm-portal-ssmi\\dataconnect`\n"}}
[debug] [2026-03-10T02:20:23.395Z] E0310 09:20:23.395655   14756 watch.go:40] Failed to load config from "c:\\Users\\muale\\Desktop\\SSMI\\hrm-portal-ssmi\\dataconnect": could not find dataconnect.yaml in `c:\Users\muale\Desktop\SSMI\hrm-portal-ssmi\dataconnect`
 {"metadata":{"emulator":{"name":"dataconnect"},"message":"E0310 09:20:23.395655   14756 watch.go:40] Failed to load config from \"c:\\\\Users\\\\muale\\\\Desktop\\\\SSMI\\\\hrm-portal-ssmi\\\\dataconnect\": could not find dataconnect.yaml in `c:\\Users\\muale\\Desktop\\SSMI\\hrm-portal-ssmi\\dataconnect`\n"}}
[debug] [2026-03-10T02:20:33.283Z] E0310 09:20:33.283689   14756 watch.go:116] watchAllDir unable to walk dir `c:\Users\muale\Desktop\SSMI\hrm-portal-ssmi\dataconnect`: CreateFile c:\Users\muale\Desktop\SSMI\hrm-portal-ssmi\dataconnect: The system cannot find the file specified.
 {"metadata":{"emulator":{"name":"dataconnect"},"message":"E0310 09:20:33.283689   14756 watch.go:116] watchAllDir unable to walk dir `c:\\Users\\muale\\Desktop\\SSMI\\hrm-portal-ssmi\\dataconnect`: CreateFile c:\\Users\\muale\\Desktop\\SSMI\\hrm-portal-ssmi\\dataconnect: The system cannot find the file specified.\n"}}
[debug] [2026-03-10T02:20:33.290Z] E0310 09:20:33.284713   14756 watch.go:40] Failed to load config from "c:\\Users\\muale\\Desktop\\SSMI\\hrm-portal-ssmi\\dataconnect": could not find dataconnect.yaml in `c:\Users\muale\Desktop\SSMI\hrm-portal-ssmi\dataconnect`
 {"metadata":{"emulator":{"name":"dataconnect"},"message":"E0310 09:20:33.284713   14756 watch.go:40] Failed to load config from \"c:\\\\Users\\\\muale\\\\Desktop\\\\SSMI\\\\hrm-portal-ssmi\\\\dataconnect\": could not find dataconnect.yaml in `c:\\Users\\muale\\Desktop\\SSMI\\hrm-portal-ssmi\\dataconnect`\n"}}
[debug] [2026-03-10T02:20:43.283Z] E0310 09:20:43.283692   14756 watch.go:40] Failed to load config from "c:\\Users\\muale\\Desktop\\SSMI\\hrm-portal-ssmi\\dataconnect": could not find dataconnect.yaml in `c:\Users\muale\Desktop\SSMI\hrm-portal-ssmi\dataconnect`
 {"metadata":{"emulator":{"name":"dataconnect"},"message":"E0310 09:20:43.283692   14756 watch.go:40] Failed to load config from \"c:\\\\Users\\\\muale\\\\Desktop\\\\SSMI\\\\hrm-portal-ssmi\\\\dataconnect\": could not find dataconnect.yaml in `c:\\Users\\muale\\Desktop\\SSMI\\hrm-portal-ssmi\\dataconnect`\n"}}
[debug] [2026-03-10T02:20:53.283Z] E0310 09:20:53.283708   14756 watch.go:40] Failed to load config from "c:\\Users\\muale\\Desktop\\SSMI\\hrm-portal-ssmi\\dataconnect": could not find dataconnect.yaml in `c:\Users\muale\Desktop\SSMI\hrm-portal-ssmi\dataconnect`
 {"metadata":{"emulator":{"name":"dataconnect"},"message":"E0310 09:20:53.283708   14756 watch.go:40] Failed to load config from \"c:\\\\Users\\\\muale\\\\Desktop\\\\SSMI\\\\hrm-portal-ssmi\\\\dataconnect\": could not find dataconnect.yaml in `c:\\Users\\muale\\Desktop\\SSMI\\hrm-portal-ssmi\\dataconnect`\n"}}
[debug] [2026-03-10T02:21:03.283Z] E0310 09:21:03.283598   14756 watch.go:40] Failed to load config from "c:\\Users\\muale\\Desktop\\SSMI\\hrm-portal-ssmi\\dataconnect": could not find dataconnect.yaml in `c:\Users\muale\Desktop\SSMI\hrm-portal-ssmi\dataconnect`
 {"metadata":{"emulator":{"name":"dataconnect"},"message":"E0310 09:21:03.283598   14756 watch.go:40] Failed to load config from \"c:\\\\Users\\\\muale\\\\Desktop\\\\SSMI\\\\hrm-portal-ssmi\\\\dataconnect\": could not find dataconnect.yaml in `c:\\Users\\muale\\Desktop\\SSMI\\hrm-portal-ssmi\\dataconnect`\n"}}
[debug] [2026-03-10T02:21:13.337Z] E0310 09:21:13.337075   14756 watch.go:40] Failed to load config from "c:\\Users\\muale\\Desktop\\SSMI\\hrm-portal-ssmi\\dataconnect": could not find dataconnect.yaml in `c:\Users\muale\Desktop\SSMI\hrm-portal-ssmi\dataconnect`
 {"metadata":{"emulator":{"name":"dataconnect"},"message":"E0310 09:21:13.337075   14756 watch.go:40] Failed to load config from \"c:\\\\Users\\\\muale\\\\Desktop\\\\SSMI\\\\hrm-portal-ssmi\\\\dataconnect\": could not find dataconnect.yaml in `c:\\Users\\muale\\Desktop\\SSMI\\hrm-portal-ssmi\\dataconnect`\n"}}
[debug] [2026-03-10T02:21:23.284Z] E0310 09:21:23.283645   14756 watch.go:40] Failed to load config from "c:\\Users\\muale\\Desktop\\SSMI\\hrm-portal-ssmi\\dataconnect": could not find dataconnect.yaml in `c:\Users\muale\Desktop\SSMI\hrm-portal-ssmi\dataconnect`
 {"metadata":{"emulator":{"name":"dataconnect"},"message":"E0310 09:21:23.283645   14756 watch.go:40] Failed to load config from \"c:\\\\Users\\\\muale\\\\Desktop\\\\SSMI\\\\hrm-portal-ssmi\\\\dataconnect\": could not find dataconnect.yaml in `c:\\Users\\muale\\Desktop\\SSMI\\hrm-portal-ssmi\\dataconnect`\n"}}
[debug] [2026-03-10T02:21:33.283Z] E0310 09:21:33.283064   14756 watch.go:116] watchAllDir unable to walk dir `c:\Users\muale\Desktop\SSMI\hrm-portal-ssmi\dataconnect`: CreateFile c:\Users\muale\Desktop\SSMI\hrm-portal-ssmi\dataconnect: The system cannot find the file specified.
 {"metadata":{"emulator":{"name":"dataconnect"},"message":"E0310 09:21:33.283064   14756 watch.go:116] watchAllDir unable to walk dir `c:\\Users\\muale\\Desktop\\SSMI\\hrm-portal-ssmi\\dataconnect`: CreateFile c:\\Users\\muale\\Desktop\\SSMI\\hrm-portal-ssmi\\dataconnect: The system cannot find the file specified.\n"}}
[debug] [2026-03-10T02:21:33.285Z] E0310 09:21:33.283793   14756 watch.go:40] Failed to load config from "c:\\Users\\muale\\Desktop\\SSMI\\hrm-portal-ssmi\\dataconnect": could not find dataconnect.yaml in `c:\Users\muale\Desktop\SSMI\hrm-portal-ssmi\dataconnect`
 {"metadata":{"emulator":{"name":"dataconnect"},"message":"E0310 09:21:33.283793   14756 watch.go:40] Failed to load config from \"c:\\\\Users\\\\muale\\\\Desktop\\\\SSMI\\\\hrm-portal-ssmi\\\\dataconnect\": could not find dataconnect.yaml in `c:\\Users\\muale\\Desktop\\SSMI\\hrm-portal-ssmi\\dataconnect`\n"}}
[debug] [2026-03-10T02:21:43.283Z] E0310 09:21:43.283362   14756 watch.go:40] Failed to load config from "c:\\Users\\muale\\Desktop\\SSMI\\hrm-portal-ssmi\\dataconnect": could not find dataconnect.yaml in `c:\Users\muale\Desktop\SSMI\hrm-portal-ssmi\dataconnect`
 {"metadata":{"emulator":{"name":"dataconnect"},"message":"E0310 09:21:43.283362   14756 watch.go:40] Failed to load config from \"c:\\\\Users\\\\muale\\\\Desktop\\\\SSMI\\\\hrm-portal-ssmi\\\\dataconnect\": could not find dataconnect.yaml in `c:\\Users\\muale\\Desktop\\SSMI\\hrm-portal-ssmi\\dataconnect`\n"}}
[debug] [2026-03-10T02:21:53.283Z] E0310 09:21:53.283177   14756 watch.go:40] Failed to load config from "c:\\Users\\muale\\Desktop\\SSMI\\hrm-portal-ssmi\\dataconnect": could not find dataconnect.yaml in `c:\Users\muale\Desktop\SSMI\hrm-portal-ssmi\dataconnect`
 {"metadata":{"emulator":{"name":"dataconnect"},"message":"E0310 09:21:53.283177   14756 watch.go:40] Failed to load config from \"c:\\\\Users\\\\muale\\\\Desktop\\\\SSMI\\\\hrm-portal-ssmi\\\\dataconnect\": could not find dataconnect.yaml in `c:\\Users\\muale\\Desktop\\SSMI\\hrm-portal-ssmi\\dataconnect`\n"}}
[debug] [2026-03-10T02:22:03.283Z] E0310 09:22:03.283467   14756 watch.go:40] Failed to load config from "c:\\Users\\muale\\Desktop\\SSMI\\hrm-portal-ssmi\\dataconnect": could not find dataconnect.yaml in `c:\Users\muale\Desktop\SSMI\hrm-portal-ssmi\dataconnect`
 {"metadata":{"emulator":{"name":"dataconnect"},"message":"E0310 09:22:03.283467   14756 watch.go:40] Failed to load config from \"c:\\\\Users\\\\muale\\\\Desktop\\\\SSMI\\\\hrm-portal-ssmi\\\\dataconnect\": could not find dataconnect.yaml in `c:\\Users\\muale\\Desktop\\SSMI\\hrm-portal-ssmi\\dataconnect`\n"}}
[debug] [2026-03-10T02:22:13.284Z] E0310 09:22:13.283713   14756 watch.go:40] Failed to load config from "c:\\Users\\muale\\Desktop\\SSMI\\hrm-portal-ssmi\\dataconnect": could not find dataconnect.yaml in `c:\Users\muale\Desktop\SSMI\hrm-portal-ssmi\dataconnect`
 {"metadata":{"emulator":{"name":"dataconnect"},"message":"E0310 09:22:13.283713   14756 watch.go:40] Failed to load config from \"c:\\\\Users\\\\muale\\\\Desktop\\\\SSMI\\\\hrm-portal-ssmi\\\\dataconnect\": could not find dataconnect.yaml in `c:\\Users\\muale\\Desktop\\SSMI\\hrm-portal-ssmi\\dataconnect`\n"}}
[debug] [2026-03-10T02:22:23.283Z] E0310 09:22:23.283273   14756 watch.go:40] Failed to load config from "c:\\Users\\muale\\Desktop\\SSMI\\hrm-portal-ssmi\\dataconnect": could not find dataconnect.yaml in `c:\Users\muale\Desktop\SSMI\hrm-portal-ssmi\dataconnect`
 {"metadata":{"emulator":{"name":"dataconnect"},"message":"E0310 09:22:23.283273   14756 watch.go:40] Failed to load config from \"c:\\\\Users\\\\muale\\\\Desktop\\\\SSMI\\\\hrm-portal-ssmi\\\\dataconnect\": could not find dataconnect.yaml in `c:\\Users\\muale\\Desktop\\SSMI\\hrm-portal-ssmi\\dataconnect`\n"}}
[debug] [2026-03-10T02:22:33.283Z] E0310 09:22:33.283006   14756 watch.go:116] watchAllDir unable to walk dir `c:\Users\muale\Desktop\SSMI\hrm-portal-ssmi\dataconnect`: CreateFile c:\Users\muale\Desktop\SSMI\hrm-portal-ssmi\dataconnect: The system cannot find the file specified.
 {"metadata":{"emulator":{"name":"dataconnect"},"message":"E0310 09:22:33.283006   14756 watch.go:116] watchAllDir unable to walk dir `c:\\Users\\muale\\Desktop\\SSMI\\hrm-portal-ssmi\\dataconnect`: CreateFile c:\\Users\\muale\\Desktop\\SSMI\\hrm-portal-ssmi\\dataconnect: The system cannot find the file specified.\n"}}
[debug] [2026-03-10T02:22:33.284Z] E0310 09:22:33.283555   14756 watch.go:40] Failed to load config from "c:\\Users\\muale\\Desktop\\SSMI\\hrm-portal-ssmi\\dataconnect": could not find dataconnect.yaml in `c:\Users\muale\Desktop\SSMI\hrm-portal-ssmi\dataconnect`
 {"metadata":{"emulator":{"name":"dataconnect"},"message":"E0310 09:22:33.283555   14756 watch.go:40] Failed to load config from \"c:\\\\Users\\\\muale\\\\Desktop\\\\SSMI\\\\hrm-portal-ssmi\\\\dataconnect\": could not find dataconnect.yaml in `c:\\Users\\muale\\Desktop\\SSMI\\hrm-portal-ssmi\\dataconnect`\n"}}
[debug] [2026-03-10T02:22:43.283Z] E0310 09:22:43.283419   14756 watch.go:40] Failed to load config from "c:\\Users\\muale\\Desktop\\SSMI\\hrm-portal-ssmi\\dataconnect": could not find dataconnect.yaml in `c:\Users\muale\Desktop\SSMI\hrm-portal-ssmi\dataconnect`
 {"metadata":{"emulator":{"name":"dataconnect"},"message":"E0310 09:22:43.283419   14756 watch.go:40] Failed to load config from \"c:\\\\Users\\\\muale\\\\Desktop\\\\SSMI\\\\hrm-portal-ssmi\\\\dataconnect\": could not find dataconnect.yaml in `c:\\Users\\muale\\Desktop\\SSMI\\hrm-portal-ssmi\\dataconnect`\n"}}
[debug] [2026-03-10T02:22:53.283Z] E0310 09:22:53.283362   14756 watch.go:40] Failed to load config from "c:\\Users\\muale\\Desktop\\SSMI\\hrm-portal-ssmi\\dataconnect": could not find dataconnect.yaml in `c:\Users\muale\Desktop\SSMI\hrm-portal-ssmi\dataconnect`
 {"metadata":{"emulator":{"name":"dataconnect"},"message":"E0310 09:22:53.283362   14756 watch.go:40] Failed to load config from \"c:\\\\Users\\\\muale\\\\Desktop\\\\SSMI\\\\hrm-portal-ssmi\\\\dataconnect\": could not find dataconnect.yaml in `c:\\Users\\muale\\Desktop\\SSMI\\hrm-portal-ssmi\\dataconnect`\n"}}
[debug] [2026-03-10T02:23:03.284Z] E0310 09:23:03.283685   14756 watch.go:40] Failed to load config from "c:\\Users\\muale\\Desktop\\SSMI\\hrm-portal-ssmi\\dataconnect": could not find dataconnect.yaml in `c:\Users\muale\Desktop\SSMI\hrm-portal-ssmi\dataconnect`
 {"metadata":{"emulator":{"name":"dataconnect"},"message":"E0310 09:23:03.283685   14756 watch.go:40] Failed to load config from \"c:\\\\Users\\\\muale\\\\Desktop\\\\SSMI\\\\hrm-portal-ssmi\\\\dataconnect\": could not find dataconnect.yaml in `c:\\Users\\muale\\Desktop\\SSMI\\hrm-portal-ssmi\\dataconnect`\n"}}
[debug] [2026-03-10T02:23:13.283Z] E0310 09:23:13.283420   14756 watch.go:40] Failed to load config from "c:\\Users\\muale\\Desktop\\SSMI\\hrm-portal-ssmi\\dataconnect": could not find dataconnect.yaml in `c:\Users\muale\Desktop\SSMI\hrm-portal-ssmi\dataconnect`
 {"metadata":{"emulator":{"name":"dataconnect"},"message":"E0310 09:23:13.283420   14756 watch.go:40] Failed to load config from \"c:\\\\Users\\\\muale\\\\Desktop\\\\SSMI\\\\hrm-portal-ssmi\\\\dataconnect\": could not find dataconnect.yaml in `c:\\Users\\muale\\Desktop\\SSMI\\hrm-portal-ssmi\\dataconnect`\n"}}
[debug] [2026-03-10T02:23:23.284Z] E0310 09:23:23.283582   14756 watch.go:40] Failed to load config from "c:\\Users\\muale\\Desktop\\SSMI\\hrm-portal-ssmi\\dataconnect": could not find dataconnect.yaml in `c:\Users\muale\Desktop\SSMI\hrm-portal-ssmi\dataconnect`
 {"metadata":{"emulator":{"name":"dataconnect"},"message":"E0310 09:23:23.283582   14756 watch.go:40] Failed to load config from \"c:\\\\Users\\\\muale\\\\Desktop\\\\SSMI\\\\hrm-portal-ssmi\\\\dataconnect\": could not find dataconnect.yaml in `c:\\Users\\muale\\Desktop\\SSMI\\hrm-portal-ssmi\\dataconnect`\n"}}
[debug] [2026-03-10T02:23:33.299Z] E0310 09:23:33.298878   14756 watch.go:116] watchAllDir unable to walk dir `c:\Users\muale\Desktop\SSMI\hrm-portal-ssmi\dataconnect`: CreateFile c:\Users\muale\Desktop\SSMI\hrm-portal-ssmi\dataconnect: The system cannot find the file specified.
 {"metadata":{"emulator":{"name":"dataconnect"},"message":"E0310 09:23:33.298878   14756 watch.go:116] watchAllDir unable to walk dir `c:\\Users\\muale\\Desktop\\SSMI\\hrm-portal-ssmi\\dataconnect`: CreateFile c:\\Users\\muale\\Desktop\\SSMI\\hrm-portal-ssmi\\dataconnect: The system cannot find the file specified.\n"}}
[debug] [2026-03-10T02:23:33.301Z] E0310 09:23:33.299386   14756 watch.go:40] Failed to load config from "c:\\Users\\muale\\Desktop\\SSMI\\hrm-portal-ssmi\\dataconnect": could not find dataconnect.yaml in `c:\Users\muale\Desktop\SSMI\hrm-portal-ssmi\dataconnect`
 {"metadata":{"emulator":{"name":"dataconnect"},"message":"E0310 09:23:33.299386   14756 watch.go:40] Failed to load config from \"c:\\\\Users\\\\muale\\\\Desktop\\\\SSMI\\\\hrm-portal-ssmi\\\\dataconnect\": could not find dataconnect.yaml in `c:\\Users\\muale\\Desktop\\SSMI\\hrm-portal-ssmi\\dataconnect`\n"}}
[debug] [2026-03-10T02:23:43.283Z] E0310 09:23:43.283146   14756 watch.go:40] Failed to load config from "c:\\Users\\muale\\Desktop\\SSMI\\hrm-portal-ssmi\\dataconnect": could not find dataconnect.yaml in `c:\Users\muale\Desktop\SSMI\hrm-portal-ssmi\dataconnect`
 {"metadata":{"emulator":{"name":"dataconnect"},"message":"E0310 09:23:43.283146   14756 watch.go:40] Failed to load config from \"c:\\\\Users\\\\muale\\\\Desktop\\\\SSMI\\\\hrm-portal-ssmi\\\\dataconnect\": could not find dataconnect.yaml in `c:\\Users\\muale\\Desktop\\SSMI\\hrm-portal-ssmi\\dataconnect`\n"}}
[debug] [2026-03-10T02:23:53.283Z] E0310 09:23:53.283086   14756 watch.go:40] Failed to load config from "c:\\Users\\muale\\Desktop\\SSMI\\hrm-portal-ssmi\\dataconnect": could not find dataconnect.yaml in `c:\Users\muale\Desktop\SSMI\hrm-portal-ssmi\dataconnect`
 {"metadata":{"emulator":{"name":"dataconnect"},"message":"E0310 09:23:53.283086   14756 watch.go:40] Failed to load config from \"c:\\\\Users\\\\muale\\\\Desktop\\\\SSMI\\\\hrm-portal-ssmi\\\\dataconnect\": could not find dataconnect.yaml in `c:\\Users\\muale\\Desktop\\SSMI\\hrm-portal-ssmi\\dataconnect`\n"}}
[debug] [2026-03-10T02:24:03.284Z] E0310 09:24:03.283575   14756 watch.go:40] Failed to load config from "c:\\Users\\muale\\Desktop\\SSMI\\hrm-portal-ssmi\\dataconnect": could not find dataconnect.yaml in `c:\Users\muale\Desktop\SSMI\hrm-portal-ssmi\dataconnect`
 {"metadata":{"emulator":{"name":"dataconnect"},"message":"E0310 09:24:03.283575   14756 watch.go:40] Failed to load config from \"c:\\\\Users\\\\muale\\\\Desktop\\\\SSMI\\\\hrm-portal-ssmi\\\\dataconnect\": could not find dataconnect.yaml in `c:\\Users\\muale\\Desktop\\SSMI\\hrm-portal-ssmi\\dataconnect`\n"}}
[debug] [2026-03-10T02:24:13.283Z] E0310 09:24:13.283327   14756 watch.go:40] Failed to load config from "c:\\Users\\muale\\Desktop\\SSMI\\hrm-portal-ssmi\\dataconnect": could not find dataconnect.yaml in `c:\Users\muale\Desktop\SSMI\hrm-portal-ssmi\dataconnect`
 {"metadata":{"emulator":{"name":"dataconnect"},"message":"E0310 09:24:13.283327   14756 watch.go:40] Failed to load config from \"c:\\\\Users\\\\muale\\\\Desktop\\\\SSMI\\\\hrm-portal-ssmi\\\\dataconnect\": could not find dataconnect.yaml in `c:\\Users\\muale\\Desktop\\SSMI\\hrm-portal-ssmi\\dataconnect`\n"}}
[debug] [2026-03-10T02:24:23.283Z] E0310 09:24:23.283636   14756 watch.go:40] Failed to load config from "c:\\Users\\muale\\Desktop\\SSMI\\hrm-portal-ssmi\\dataconnect": could not find dataconnect.yaml in `c:\Users\muale\Desktop\SSMI\hrm-portal-ssmi\dataconnect`
 {"metadata":{"emulator":{"name":"dataconnect"},"message":"E0310 09:24:23.283636   14756 watch.go:40] Failed to load config from \"c:\\\\Users\\\\muale\\\\Desktop\\\\SSMI\\\\hrm-portal-ssmi\\\\dataconnect\": could not find dataconnect.yaml in `c:\\Users\\muale\\Desktop\\SSMI\\hrm-portal-ssmi\\dataconnect`\n"}}
[debug] [2026-03-10T02:24:33.282Z] E0310 09:24:33.282831   14756 watch.go:116] watchAllDir unable to walk dir `c:\Users\muale\Desktop\SSMI\hrm-portal-ssmi\dataconnect`: CreateFile c:\Users\muale\Desktop\SSMI\hrm-portal-ssmi\dataconnect: The system cannot find the file specified.
 {"metadata":{"emulator":{"name":"dataconnect"},"message":"E0310 09:24:33.282831   14756 watch.go:116] watchAllDir unable to walk dir `c:\\Users\\muale\\Desktop\\SSMI\\hrm-portal-ssmi\\dataconnect`: CreateFile c:\\Users\\muale\\Desktop\\SSMI\\hrm-portal-ssmi\\dataconnect: The system cannot find the file specified.\n"}}
[debug] [2026-03-10T02:24:33.284Z] E0310 09:24:33.283465   14756 watch.go:40] Failed to load config from "c:\\Users\\muale\\Desktop\\SSMI\\hrm-portal-ssmi\\dataconnect": could not find dataconnect.yaml in `c:\Users\muale\Desktop\SSMI\hrm-portal-ssmi\dataconnect`
 {"metadata":{"emulator":{"name":"dataconnect"},"message":"E0310 09:24:33.283465   14756 watch.go:40] Failed to load config from \"c:\\\\Users\\\\muale\\\\Desktop\\\\SSMI\\\\hrm-portal-ssmi\\\\dataconnect\": could not find dataconnect.yaml in `c:\\Users\\muale\\Desktop\\SSMI\\hrm-portal-ssmi\\dataconnect`\n"}}
[debug] [2026-03-10T02:24:43.283Z] E0310 09:24:43.283675   14756 watch.go:40] Failed to load config from "c:\\Users\\muale\\Desktop\\SSMI\\hrm-portal-ssmi\\dataconnect": could not find dataconnect.yaml in `c:\Users\muale\Desktop\SSMI\hrm-portal-ssmi\dataconnect`
 {"metadata":{"emulator":{"name":"dataconnect"},"message":"E0310 09:24:43.283675   14756 watch.go:40] Failed to load config from \"c:\\\\Users\\\\muale\\\\Desktop\\\\SSMI\\\\hrm-portal-ssmi\\\\dataconnect\": could not find dataconnect.yaml in `c:\\Users\\muale\\Desktop\\SSMI\\hrm-portal-ssmi\\dataconnect`\n"}}
[debug] [2026-03-10T02:24:53.283Z] E0310 09:24:53.283491   14756 watch.go:40] Failed to load config from "c:\\Users\\muale\\Desktop\\SSMI\\hrm-portal-ssmi\\dataconnect": could not find dataconnect.yaml in `c:\Users\muale\Desktop\SSMI\hrm-portal-ssmi\dataconnect`
 {"metadata":{"emulator":{"name":"dataconnect"},"message":"E0310 09:24:53.283491   14756 watch.go:40] Failed to load config from \"c:\\\\Users\\\\muale\\\\Desktop\\\\SSMI\\\\hrm-portal-ssmi\\\\dataconnect\": could not find dataconnect.yaml in `c:\\Users\\muale\\Desktop\\SSMI\\hrm-portal-ssmi\\dataconnect`\n"}}
[debug] [2026-03-10T02:25:03.283Z] E0310 09:25:03.283626   14756 watch.go:40] Failed to load config from "c:\\Users\\muale\\Desktop\\SSMI\\hrm-portal-ssmi\\dataconnect": could not find dataconnect.yaml in `c:\Users\muale\Desktop\SSMI\hrm-portal-ssmi\dataconnect`
 {"metadata":{"emulator":{"name":"dataconnect"},"message":"E0310 09:25:03.283626   14756 watch.go:40] Failed to load config from \"c:\\\\Users\\\\muale\\\\Desktop\\\\SSMI\\\\hrm-portal-ssmi\\\\dataconnect\": could not find dataconnect.yaml in `c:\\Users\\muale\\Desktop\\SSMI\\hrm-portal-ssmi\\dataconnect`\n"}}
[debug] [2026-03-10T02:25:13.284Z] E0310 09:25:13.284056   14756 watch.go:40] Failed to load config from "c:\\Users\\muale\\Desktop\\SSMI\\hrm-portal-ssmi\\dataconnect": could not find dataconnect.yaml in `c:\Users\muale\Desktop\SSMI\hrm-portal-ssmi\dataconnect`
 {"metadata":{"emulator":{"name":"dataconnect"},"message":"E0310 09:25:13.284056   14756 watch.go:40] Failed to load config from \"c:\\\\Users\\\\muale\\\\Desktop\\\\SSMI\\\\hrm-portal-ssmi\\\\dataconnect\": could not find dataconnect.yaml in `c:\\Users\\muale\\Desktop\\SSMI\\hrm-portal-ssmi\\dataconnect`\n"}}
[debug] [2026-03-10T02:25:23.283Z] E0310 09:25:23.283325   14756 watch.go:40] Failed to load config from "c:\\Users\\muale\\Desktop\\SSMI\\hrm-portal-ssmi\\dataconnect": could not find dataconnect.yaml in `c:\Users\muale\Desktop\SSMI\hrm-portal-ssmi\dataconnect`
 {"metadata":{"emulator":{"name":"dataconnect"},"message":"E0310 09:25:23.283325   14756 watch.go:40] Failed to load config from \"c:\\\\Users\\\\muale\\\\Desktop\\\\SSMI\\\\hrm-portal-ssmi\\\\dataconnect\": could not find dataconnect.yaml in `c:\\Users\\muale\\Desktop\\SSMI\\hrm-portal-ssmi\\dataconnect`\n"}}
[debug] [2026-03-10T02:25:33.285Z] E0310 09:25:33.284716   14756 watch.go:40] Failed to load config from "c:\\Users\\muale\\Desktop\\SSMI\\hrm-portal-ssmi\\dataconnect": could not find dataconnect.yaml in `c:\Users\muale\Desktop\SSMI\hrm-portal-ssmi\dataconnect`
 {"metadata":{"emulator":{"name":"dataconnect"},"message":"E0310 09:25:33.284716   14756 watch.go:40] Failed to load config from \"c:\\\\Users\\\\muale\\\\Desktop\\\\SSMI\\\\hrm-portal-ssmi\\\\dataconnect\": could not find dataconnect.yaml in `c:\\Users\\muale\\Desktop\\SSMI\\hrm-portal-ssmi\\dataconnect`\n"}}
[debug] [2026-03-10T02:25:33.289Z] E0310 09:25:33.283124   14756 watch.go:116] watchAllDir unable to walk dir `c:\Users\muale\Desktop\SSMI\hrm-portal-ssmi\dataconnect`: CreateFile c:\Users\muale\Desktop\SSMI\hrm-portal-ssmi\dataconnect: The system cannot find the file specified.
 {"metadata":{"emulator":{"name":"dataconnect"},"message":"E0310 09:25:33.283124   14756 watch.go:116] watchAllDir unable to walk dir `c:\\Users\\muale\\Desktop\\SSMI\\hrm-portal-ssmi\\dataconnect`: CreateFile c:\\Users\\muale\\Desktop\\SSMI\\hrm-portal-ssmi\\dataconnect: The system cannot find the file specified.\n"}}
[debug] [2026-03-10T02:25:43.284Z] E0310 09:25:43.283661   14756 watch.go:40] Failed to load config from "c:\\Users\\muale\\Desktop\\SSMI\\hrm-portal-ssmi\\dataconnect": could not find dataconnect.yaml in `c:\Users\muale\Desktop\SSMI\hrm-portal-ssmi\dataconnect`
 {"metadata":{"emulator":{"name":"dataconnect"},"message":"E0310 09:25:43.283661   14756 watch.go:40] Failed to load config from \"c:\\\\Users\\\\muale\\\\Desktop\\\\SSMI\\\\hrm-portal-ssmi\\\\dataconnect\": could not find dataconnect.yaml in `c:\\Users\\muale\\Desktop\\SSMI\\hrm-portal-ssmi\\dataconnect`\n"}}
[debug] [2026-03-10T02:25:53.284Z] E0310 09:25:53.283968   14756 watch.go:40] Failed to load config from "c:\\Users\\muale\\Desktop\\SSMI\\hrm-portal-ssmi\\dataconnect": could not find dataconnect.yaml in `c:\Users\muale\Desktop\SSMI\hrm-portal-ssmi\dataconnect`
 {"metadata":{"emulator":{"name":"dataconnect"},"message":"E0310 09:25:53.283968   14756 watch.go:40] Failed to load config from \"c:\\\\Users\\\\muale\\\\Desktop\\\\SSMI\\\\hrm-portal-ssmi\\\\dataconnect\": could not find dataconnect.yaml in `c:\\Users\\muale\\Desktop\\SSMI\\hrm-portal-ssmi\\dataconnect`\n"}}
[debug] [2026-03-10T02:26:03.284Z] E0310 09:26:03.283935   14756 watch.go:40] Failed to load config from "c:\\Users\\muale\\Desktop\\SSMI\\hrm-portal-ssmi\\dataconnect": could not find dataconnect.yaml in `c:\Users\muale\Desktop\SSMI\hrm-portal-ssmi\dataconnect`
 {"metadata":{"emulator":{"name":"dataconnect"},"message":"E0310 09:26:03.283935   14756 watch.go:40] Failed to load config from \"c:\\\\Users\\\\muale\\\\Desktop\\\\SSMI\\\\hrm-portal-ssmi\\\\dataconnect\": could not find dataconnect.yaml in `c:\\Users\\muale\\Desktop\\SSMI\\hrm-portal-ssmi\\dataconnect`\n"}}
[debug] [2026-03-10T02:26:13.283Z] E0310 09:26:13.283192   14756 watch.go:40] Failed to load config from "c:\\Users\\muale\\Desktop\\SSMI\\hrm-portal-ssmi\\dataconnect": could not find dataconnect.yaml in `c:\Users\muale\Desktop\SSMI\hrm-portal-ssmi\dataconnect`
 {"metadata":{"emulator":{"name":"dataconnect"},"message":"E0310 09:26:13.283192   14756 watch.go:40] Failed to load config from \"c:\\\\Users\\\\muale\\\\Desktop\\\\SSMI\\\\hrm-portal-ssmi\\\\dataconnect\": could not find dataconnect.yaml in `c:\\Users\\muale\\Desktop\\SSMI\\hrm-portal-ssmi\\dataconnect`\n"}}
[debug] [2026-03-10T02:26:23.284Z] E0310 09:26:23.284236   14756 watch.go:40] Failed to load config from "c:\\Users\\muale\\Desktop\\SSMI\\hrm-portal-ssmi\\dataconnect": could not find dataconnect.yaml in `c:\Users\muale\Desktop\SSMI\hrm-portal-ssmi\dataconnect`
 {"metadata":{"emulator":{"name":"dataconnect"},"message":"E0310 09:26:23.284236   14756 watch.go:40] Failed to load config from \"c:\\\\Users\\\\muale\\\\Desktop\\\\SSMI\\\\hrm-portal-ssmi\\\\dataconnect\": could not find dataconnect.yaml in `c:\\Users\\muale\\Desktop\\SSMI\\hrm-portal-ssmi\\dataconnect`\n"}}
[debug] [2026-03-10T02:26:33.283Z] E0310 09:26:33.282691   14756 watch.go:116] watchAllDir unable to walk dir `c:\Users\muale\Desktop\SSMI\hrm-portal-ssmi\dataconnect`: CreateFile c:\Users\muale\Desktop\SSMI\hrm-portal-ssmi\dataconnect: The system cannot find the file specified.
 {"metadata":{"emulator":{"name":"dataconnect"},"message":"E0310 09:26:33.282691   14756 watch.go:116] watchAllDir unable to walk dir `c:\\Users\\muale\\Desktop\\SSMI\\hrm-portal-ssmi\\dataconnect`: CreateFile c:\\Users\\muale\\Desktop\\SSMI\\hrm-portal-ssmi\\dataconnect: The system cannot find the file specified.\n"}}
[debug] [2026-03-10T02:26:33.284Z] E0310 09:26:33.283401   14756 watch.go:40] Failed to load config from "c:\\Users\\muale\\Desktop\\SSMI\\hrm-portal-ssmi\\dataconnect": could not find dataconnect.yaml in `c:\Users\muale\Desktop\SSMI\hrm-portal-ssmi\dataconnect`
 {"metadata":{"emulator":{"name":"dataconnect"},"message":"E0310 09:26:33.283401   14756 watch.go:40] Failed to load config from \"c:\\\\Users\\\\muale\\\\Desktop\\\\SSMI\\\\hrm-portal-ssmi\\\\dataconnect\": could not find dataconnect.yaml in `c:\\Users\\muale\\Desktop\\SSMI\\hrm-portal-ssmi\\dataconnect`\n"}}
[debug] [2026-03-10T02:26:43.283Z] E0310 09:26:43.283818   14756 watch.go:40] Failed to load config from "c:\\Users\\muale\\Desktop\\SSMI\\hrm-portal-ssmi\\dataconnect": could not find dataconnect.yaml in `c:\Users\muale\Desktop\SSMI\hrm-portal-ssmi\dataconnect`
 {"metadata":{"emulator":{"name":"dataconnect"},"message":"E0310 09:26:43.283818   14756 watch.go:40] Failed to load config from \"c:\\\\Users\\\\muale\\\\Desktop\\\\SSMI\\\\hrm-portal-ssmi\\\\dataconnect\": could not find dataconnect.yaml in `c:\\Users\\muale\\Desktop\\SSMI\\hrm-portal-ssmi\\dataconnect`\n"}}
[debug] [2026-03-10T02:26:53.284Z] E0310 09:26:53.283675   14756 watch.go:40] Failed to load config from "c:\\Users\\muale\\Desktop\\SSMI\\hrm-portal-ssmi\\dataconnect": could not find dataconnect.yaml in `c:\Users\muale\Desktop\SSMI\hrm-portal-ssmi\dataconnect`
 {"metadata":{"emulator":{"name":"dataconnect"},"message":"E0310 09:26:53.283675   14756 watch.go:40] Failed to load config from \"c:\\\\Users\\\\muale\\\\Desktop\\\\SSMI\\\\hrm-portal-ssmi\\\\dataconnect\": could not find dataconnect.yaml in `c:\\Users\\muale\\Desktop\\SSMI\\hrm-portal-ssmi\\dataconnect`\n"}}
[debug] [2026-03-10T02:27:03.283Z] E0310 09:27:03.283334   14756 watch.go:40] Failed to load config from "c:\\Users\\muale\\Desktop\\SSMI\\hrm-portal-ssmi\\dataconnect": could not find dataconnect.yaml in `c:\Users\muale\Desktop\SSMI\hrm-portal-ssmi\dataconnect`
 {"metadata":{"emulator":{"name":"dataconnect"},"message":"E0310 09:27:03.283334   14756 watch.go:40] Failed to load config from \"c:\\\\Users\\\\muale\\\\Desktop\\\\SSMI\\\\hrm-portal-ssmi\\\\dataconnect\": could not find dataconnect.yaml in `c:\\Users\\muale\\Desktop\\SSMI\\hrm-portal-ssmi\\dataconnect`\n"}}
[debug] [2026-03-10T02:27:13.284Z] E0310 09:27:13.284168   14756 watch.go:40] Failed to load config from "c:\\Users\\muale\\Desktop\\SSMI\\hrm-portal-ssmi\\dataconnect": could not find dataconnect.yaml in `c:\Users\muale\Desktop\SSMI\hrm-portal-ssmi\dataconnect`
 {"metadata":{"emulator":{"name":"dataconnect"},"message":"E0310 09:27:13.284168   14756 watch.go:40] Failed to load config from \"c:\\\\Users\\\\muale\\\\Desktop\\\\SSMI\\\\hrm-portal-ssmi\\\\dataconnect\": could not find dataconnect.yaml in `c:\\Users\\muale\\Desktop\\SSMI\\hrm-portal-ssmi\\dataconnect`\n"}}
[debug] [2026-03-10T02:27:23.284Z] E0310 09:27:23.283999   14756 watch.go:40] Failed to load config from "c:\\Users\\muale\\Desktop\\SSMI\\hrm-portal-ssmi\\dataconnect": could not find dataconnect.yaml in `c:\Users\muale\Desktop\SSMI\hrm-portal-ssmi\dataconnect`
 {"metadata":{"emulator":{"name":"dataconnect"},"message":"E0310 09:27:23.283999   14756 watch.go:40] Failed to load config from \"c:\\\\Users\\\\muale\\\\Desktop\\\\SSMI\\\\hrm-portal-ssmi\\\\dataconnect\": could not find dataconnect.yaml in `c:\\Users\\muale\\Desktop\\SSMI\\hrm-portal-ssmi\\dataconnect`\n"}}
[debug] [2026-03-10T02:27:33.283Z] E0310 09:27:33.282901   14756 watch.go:116] watchAllDir unable to walk dir `c:\Users\muale\Desktop\SSMI\hrm-portal-ssmi\dataconnect`: CreateFile c:\Users\muale\Desktop\SSMI\hrm-portal-ssmi\dataconnect: The system cannot find the file specified.
 {"metadata":{"emulator":{"name":"dataconnect"},"message":"E0310 09:27:33.282901   14756 watch.go:116] watchAllDir unable to walk dir `c:\\Users\\muale\\Desktop\\SSMI\\hrm-portal-ssmi\\dataconnect`: CreateFile c:\\Users\\muale\\Desktop\\SSMI\\hrm-portal-ssmi\\dataconnect: The system cannot find the file specified.\n"}}
[debug] [2026-03-10T02:27:33.284Z] E0310 09:27:33.283574   14756 watch.go:40] Failed to load config from "c:\\Users\\muale\\Desktop\\SSMI\\hrm-portal-ssmi\\dataconnect": could not find dataconnect.yaml in `c:\Users\muale\Desktop\SSMI\hrm-portal-ssmi\dataconnect`
 {"metadata":{"emulator":{"name":"dataconnect"},"message":"E0310 09:27:33.283574   14756 watch.go:40] Failed to load config from \"c:\\\\Users\\\\muale\\\\Desktop\\\\SSMI\\\\hrm-portal-ssmi\\\\dataconnect\": could not find dataconnect.yaml in `c:\\Users\\muale\\Desktop\\SSMI\\hrm-portal-ssmi\\dataconnect`\n"}}
[debug] [2026-03-10T02:27:43.285Z] E0310 09:27:43.285229   14756 watch.go:40] Failed to load config from "c:\\Users\\muale\\Desktop\\SSMI\\hrm-portal-ssmi\\dataconnect": could not find dataconnect.yaml in `c:\Users\muale\Desktop\SSMI\hrm-portal-ssmi\dataconnect`
 {"metadata":{"emulator":{"name":"dataconnect"},"message":"E0310 09:27:43.285229   14756 watch.go:40] Failed to load config from \"c:\\\\Users\\\\muale\\\\Desktop\\\\SSMI\\\\hrm-portal-ssmi\\\\dataconnect\": could not find dataconnect.yaml in `c:\\Users\\muale\\Desktop\\SSMI\\hrm-portal-ssmi\\dataconnect`\n"}}
[debug] [2026-03-10T02:27:53.284Z] E0310 09:27:53.283549   14756 watch.go:40] Failed to load config from "c:\\Users\\muale\\Desktop\\SSMI\\hrm-portal-ssmi\\dataconnect": could not find dataconnect.yaml in `c:\Users\muale\Desktop\SSMI\hrm-portal-ssmi\dataconnect`
 {"metadata":{"emulator":{"name":"dataconnect"},"message":"E0310 09:27:53.283549   14756 watch.go:40] Failed to load config from \"c:\\\\Users\\\\muale\\\\Desktop\\\\SSMI\\\\hrm-portal-ssmi\\\\dataconnect\": could not find dataconnect.yaml in `c:\\Users\\muale\\Desktop\\SSMI\\hrm-portal-ssmi\\dataconnect`\n"}}
[debug] [2026-03-10T02:28:03.284Z] E0310 09:28:03.283041   14756 watch.go:40] Failed to load config from "c:\\Users\\muale\\Desktop\\SSMI\\hrm-portal-ssmi\\dataconnect": could not find dataconnect.yaml in `c:\Users\muale\Desktop\SSMI\hrm-portal-ssmi\dataconnect`
 {"metadata":{"emulator":{"name":"dataconnect"},"message":"E0310 09:28:03.283041   14756 watch.go:40] Failed to load config from \"c:\\\\Users\\\\muale\\\\Desktop\\\\SSMI\\\\hrm-portal-ssmi\\\\dataconnect\": could not find dataconnect.yaml in `c:\\Users\\muale\\Desktop\\SSMI\\hrm-portal-ssmi\\dataconnect`\n"}}
[debug] [2026-03-10T02:28:13.285Z] E0310 09:28:13.285278   14756 watch.go:40] Failed to load config from "c:\\Users\\muale\\Desktop\\SSMI\\hrm-portal-ssmi\\dataconnect": could not find dataconnect.yaml in `c:\Users\muale\Desktop\SSMI\hrm-portal-ssmi\dataconnect`
 {"metadata":{"emulator":{"name":"dataconnect"},"message":"E0310 09:28:13.285278   14756 watch.go:40] Failed to load config from \"c:\\\\Users\\\\muale\\\\Desktop\\\\SSMI\\\\hrm-portal-ssmi\\\\dataconnect\": could not find dataconnect.yaml in `c:\\Users\\muale\\Desktop\\SSMI\\hrm-portal-ssmi\\dataconnect`\n"}}
[debug] [2026-03-10T02:28:23.285Z] E0310 09:28:23.284906   14756 watch.go:40] Failed to load config from "c:\\Users\\muale\\Desktop\\SSMI\\hrm-portal-ssmi\\dataconnect": could not find dataconnect.yaml in `c:\Users\muale\Desktop\SSMI\hrm-portal-ssmi\dataconnect`
 {"metadata":{"emulator":{"name":"dataconnect"},"message":"E0310 09:28:23.284906   14756 watch.go:40] Failed to load config from \"c:\\\\Users\\\\muale\\\\Desktop\\\\SSMI\\\\hrm-portal-ssmi\\\\dataconnect\": could not find dataconnect.yaml in `c:\\Users\\muale\\Desktop\\SSMI\\hrm-portal-ssmi\\dataconnect`\n"}}
[debug] [2026-03-10T02:28:33.284Z] E0310 09:28:33.282882   14756 watch.go:116] watchAllDir unable to walk dir `c:\Users\muale\Desktop\SSMI\hrm-portal-ssmi\dataconnect`: CreateFile c:\Users\muale\Desktop\SSMI\hrm-portal-ssmi\dataconnect: The system cannot find the file specified.
 {"metadata":{"emulator":{"name":"dataconnect"},"message":"E0310 09:28:33.282882   14756 watch.go:116] watchAllDir unable to walk dir `c:\\Users\\muale\\Desktop\\SSMI\\hrm-portal-ssmi\\dataconnect`: CreateFile c:\\Users\\muale\\Desktop\\SSMI\\hrm-portal-ssmi\\dataconnect: The system cannot find the file specified.\n"}}
[debug] [2026-03-10T02:28:33.287Z] E0310 09:28:33.283888   14756 watch.go:40] Failed to load config from "c:\\Users\\muale\\Desktop\\SSMI\\hrm-portal-ssmi\\dataconnect": could not find dataconnect.yaml in `c:\Users\muale\Desktop\SSMI\hrm-portal-ssmi\dataconnect`
 {"metadata":{"emulator":{"name":"dataconnect"},"message":"E0310 09:28:33.283888   14756 watch.go:40] Failed to load config from \"c:\\\\Users\\\\muale\\\\Desktop\\\\SSMI\\\\hrm-portal-ssmi\\\\dataconnect\": could not find dataconnect.yaml in `c:\\Users\\muale\\Desktop\\SSMI\\hrm-portal-ssmi\\dataconnect`\n"}}
[debug] [2026-03-10T02:28:43.285Z] E0310 09:28:43.284371   14756 watch.go:40] Failed to load config from "c:\\Users\\muale\\Desktop\\SSMI\\hrm-portal-ssmi\\dataconnect": could not find dataconnect.yaml in `c:\Users\muale\Desktop\SSMI\hrm-portal-ssmi\dataconnect`
 {"metadata":{"emulator":{"name":"dataconnect"},"message":"E0310 09:28:43.284371   14756 watch.go:40] Failed to load config from \"c:\\\\Users\\\\muale\\\\Desktop\\\\SSMI\\\\hrm-portal-ssmi\\\\dataconnect\": could not find dataconnect.yaml in `c:\\Users\\muale\\Desktop\\SSMI\\hrm-portal-ssmi\\dataconnect`\n"}}
[debug] [2026-03-10T02:28:53.285Z] E0310 09:28:53.285489   14756 watch.go:40] Failed to load config from "c:\\Users\\muale\\Desktop\\SSMI\\hrm-portal-ssmi\\dataconnect": could not find dataconnect.yaml in `c:\Users\muale\Desktop\SSMI\hrm-portal-ssmi\dataconnect`
 {"metadata":{"emulator":{"name":"dataconnect"},"message":"E0310 09:28:53.285489   14756 watch.go:40] Failed to load config from \"c:\\\\Users\\\\muale\\\\Desktop\\\\SSMI\\\\hrm-portal-ssmi\\\\dataconnect\": could not find dataconnect.yaml in `c:\\Users\\muale\\Desktop\\SSMI\\hrm-portal-ssmi\\dataconnect`\n"}}
[debug] [2026-03-10T02:29:03.283Z] E0310 09:29:03.283372   14756 watch.go:40] Failed to load config from "c:\\Users\\muale\\Desktop\\SSMI\\hrm-portal-ssmi\\dataconnect": could not find dataconnect.yaml in `c:\Users\muale\Desktop\SSMI\hrm-portal-ssmi\dataconnect`
 {"metadata":{"emulator":{"name":"dataconnect"},"message":"E0310 09:29:03.283372   14756 watch.go:40] Failed to load config from \"c:\\\\Users\\\\muale\\\\Desktop\\\\SSMI\\\\hrm-portal-ssmi\\\\dataconnect\": could not find dataconnect.yaml in `c:\\Users\\muale\\Desktop\\SSMI\\hrm-portal-ssmi\\dataconnect`\n"}}
[debug] [2026-03-10T02:29:13.283Z] E0310 09:29:13.283351   14756 watch.go:40] Failed to load config from "c:\\Users\\muale\\Desktop\\SSMI\\hrm-portal-ssmi\\dataconnect": could not find dataconnect.yaml in `c:\Users\muale\Desktop\SSMI\hrm-portal-ssmi\dataconnect`
 {"metadata":{"emulator":{"name":"dataconnect"},"message":"E0310 09:29:13.283351   14756 watch.go:40] Failed to load config from \"c:\\\\Users\\\\muale\\\\Desktop\\\\SSMI\\\\hrm-portal-ssmi\\\\dataconnect\": could not find dataconnect.yaml in `c:\\Users\\muale\\Desktop\\SSMI\\hrm-portal-ssmi\\dataconnect`\n"}}
[debug] [2026-03-10T02:29:23.291Z] E0310 09:29:23.290213   14756 watch.go:40] Failed to load config from "c:\\Users\\muale\\Desktop\\SSMI\\hrm-portal-ssmi\\dataconnect": could not find dataconnect.yaml in `c:\Users\muale\Desktop\SSMI\hrm-portal-ssmi\dataconnect`
 {"metadata":{"emulator":{"name":"dataconnect"},"message":"E0310 09:29:23.290213   14756 watch.go:40] Failed to load config from \"c:\\\\Users\\\\muale\\\\Desktop\\\\SSMI\\\\hrm-portal-ssmi\\\\dataconnect\": could not find dataconnect.yaml in `c:\\Users\\muale\\Desktop\\SSMI\\hrm-portal-ssmi\\dataconnect`\n"}}
[debug] [2026-03-10T02:29:33.282Z] E0310 09:29:33.282924   14756 watch.go:116] watchAllDir unable to walk dir `c:\Users\muale\Desktop\SSMI\hrm-portal-ssmi\dataconnect`: CreateFile c:\Users\muale\Desktop\SSMI\hrm-portal-ssmi\dataconnect: The system cannot find the file specified.
 {"metadata":{"emulator":{"name":"dataconnect"},"message":"E0310 09:29:33.282924   14756 watch.go:116] watchAllDir unable to walk dir `c:\\Users\\muale\\Desktop\\SSMI\\hrm-portal-ssmi\\dataconnect`: CreateFile c:\\Users\\muale\\Desktop\\SSMI\\hrm-portal-ssmi\\dataconnect: The system cannot find the file specified.\n"}}
[debug] [2026-03-10T02:29:33.283Z] E0310 09:29:33.283560   14756 watch.go:40] Failed to load config from "c:\\Users\\muale\\Desktop\\SSMI\\hrm-portal-ssmi\\dataconnect": could not find dataconnect.yaml in `c:\Users\muale\Desktop\SSMI\hrm-portal-ssmi\dataconnect`
 {"metadata":{"emulator":{"name":"dataconnect"},"message":"E0310 09:29:33.283560   14756 watch.go:40] Failed to load config from \"c:\\\\Users\\\\muale\\\\Desktop\\\\SSMI\\\\hrm-portal-ssmi\\\\dataconnect\": could not find dataconnect.yaml in `c:\\Users\\muale\\Desktop\\SSMI\\hrm-portal-ssmi\\dataconnect`\n"}}
[debug] [2026-03-10T02:29:43.283Z] E0310 09:29:43.283637   14756 watch.go:40] Failed to load config from "c:\\Users\\muale\\Desktop\\SSMI\\hrm-portal-ssmi\\dataconnect": could not find dataconnect.yaml in `c:\Users\muale\Desktop\SSMI\hrm-portal-ssmi\dataconnect`
 {"metadata":{"emulator":{"name":"dataconnect"},"message":"E0310 09:29:43.283637   14756 watch.go:40] Failed to load config from \"c:\\\\Users\\\\muale\\\\Desktop\\\\SSMI\\\\hrm-portal-ssmi\\\\dataconnect\": could not find dataconnect.yaml in `c:\\Users\\muale\\Desktop\\SSMI\\hrm-portal-ssmi\\dataconnect`\n"}}
[debug] [2026-03-10T02:29:53.283Z] E0310 09:29:53.283477   14756 watch.go:40] Failed to load config from "c:\\Users\\muale\\Desktop\\SSMI\\hrm-portal-ssmi\\dataconnect": could not find dataconnect.yaml in `c:\Users\muale\Desktop\SSMI\hrm-portal-ssmi\dataconnect`
 {"metadata":{"emulator":{"name":"dataconnect"},"message":"E0310 09:29:53.283477   14756 watch.go:40] Failed to load config from \"c:\\\\Users\\\\muale\\\\Desktop\\\\SSMI\\\\hrm-portal-ssmi\\\\dataconnect\": could not find dataconnect.yaml in `c:\\Users\\muale\\Desktop\\SSMI\\hrm-portal-ssmi\\dataconnect`\n"}}
[debug] [2026-03-10T02:30:03.283Z] E0310 09:30:03.283500   14756 watch.go:40] Failed to load config from "c:\\Users\\muale\\Desktop\\SSMI\\hrm-portal-ssmi\\dataconnect": could not find dataconnect.yaml in `c:\Users\muale\Desktop\SSMI\hrm-portal-ssmi\dataconnect`
 {"metadata":{"emulator":{"name":"dataconnect"},"message":"E0310 09:30:03.283500   14756 watch.go:40] Failed to load config from \"c:\\\\Users\\\\muale\\\\Desktop\\\\SSMI\\\\hrm-portal-ssmi\\\\dataconnect\": could not find dataconnect.yaml in `c:\\Users\\muale\\Desktop\\SSMI\\hrm-portal-ssmi\\dataconnect`\n"}}
[debug] [2026-03-10T02:30:13.283Z] E0310 09:30:13.283408   14756 watch.go:40] Failed to load config from "c:\\Users\\muale\\Desktop\\SSMI\\hrm-portal-ssmi\\dataconnect": could not find dataconnect.yaml in `c:\Users\muale\Desktop\SSMI\hrm-portal-ssmi\dataconnect`
 {"metadata":{"emulator":{"name":"dataconnect"},"message":"E0310 09:30:13.283408   14756 watch.go:40] Failed to load config from \"c:\\\\Users\\\\muale\\\\Desktop\\\\SSMI\\\\hrm-portal-ssmi\\\\dataconnect\": could not find dataconnect.yaml in `c:\\Users\\muale\\Desktop\\SSMI\\hrm-portal-ssmi\\dataconnect`\n"}}
[debug] [2026-03-10T02:30:23.283Z] E0310 09:30:23.284046   14756 watch.go:40] Failed to load config from "c:\\Users\\muale\\Desktop\\SSMI\\hrm-portal-ssmi\\dataconnect": could not find dataconnect.yaml in `c:\Users\muale\Desktop\SSMI\hrm-portal-ssmi\dataconnect`
 {"metadata":{"emulator":{"name":"dataconnect"},"message":"E0310 09:30:23.284046   14756 watch.go:40] Failed to load config from \"c:\\\\Users\\\\muale\\\\Desktop\\\\SSMI\\\\hrm-portal-ssmi\\\\dataconnect\": could not find dataconnect.yaml in `c:\\Users\\muale\\Desktop\\SSMI\\hrm-portal-ssmi\\dataconnect`\n"}}
[debug] [2026-03-10T02:30:33.282Z] E0310 09:30:33.282730   14756 watch.go:116] watchAllDir unable to walk dir `c:\Users\muale\Desktop\SSMI\hrm-portal-ssmi\dataconnect`: CreateFile c:\Users\muale\Desktop\SSMI\hrm-portal-ssmi\dataconnect: The system cannot find the file specified.
 {"metadata":{"emulator":{"name":"dataconnect"},"message":"E0310 09:30:33.282730   14756 watch.go:116] watchAllDir unable to walk dir `c:\\Users\\muale\\Desktop\\SSMI\\hrm-portal-ssmi\\dataconnect`: CreateFile c:\\Users\\muale\\Desktop\\SSMI\\hrm-portal-ssmi\\dataconnect: The system cannot find the file specified.\n"}}
[debug] [2026-03-10T02:30:33.283Z] E0310 09:30:33.283392   14756 watch.go:40] Failed to load config from "c:\\Users\\muale\\Desktop\\SSMI\\hrm-portal-ssmi\\dataconnect": could not find dataconnect.yaml in `c:\Users\muale\Desktop\SSMI\hrm-portal-ssmi\dataconnect`
 {"metadata":{"emulator":{"name":"dataconnect"},"message":"E0310 09:30:33.283392   14756 watch.go:40] Failed to load config from \"c:\\\\Users\\\\muale\\\\Desktop\\\\SSMI\\\\hrm-portal-ssmi\\\\dataconnect\": could not find dataconnect.yaml in `c:\\Users\\muale\\Desktop\\SSMI\\hrm-portal-ssmi\\dataconnect`\n"}}
[debug] [2026-03-10T02:30:43.284Z] E0310 09:30:43.284213   14756 watch.go:40] Failed to load config from "c:\\Users\\muale\\Desktop\\SSMI\\hrm-portal-ssmi\\dataconnect": could not find dataconnect.yaml in `c:\Users\muale\Desktop\SSMI\hrm-portal-ssmi\dataconnect`
 {"metadata":{"emulator":{"name":"dataconnect"},"message":"E0310 09:30:43.284213   14756 watch.go:40] Failed to load config from \"c:\\\\Users\\\\muale\\\\Desktop\\\\SSMI\\\\hrm-portal-ssmi\\\\dataconnect\": could not find dataconnect.yaml in `c:\\Users\\muale\\Desktop\\SSMI\\hrm-portal-ssmi\\dataconnect`\n"}}
[debug] [2026-03-10T02:30:53.283Z] E0310 09:30:53.283737   14756 watch.go:40] Failed to load config from "c:\\Users\\muale\\Desktop\\SSMI\\hrm-portal-ssmi\\dataconnect": could not find dataconnect.yaml in `c:\Users\muale\Desktop\SSMI\hrm-portal-ssmi\dataconnect`
 {"metadata":{"emulator":{"name":"dataconnect"},"message":"E0310 09:30:53.283737   14756 watch.go:40] Failed to load config from \"c:\\\\Users\\\\muale\\\\Desktop\\\\SSMI\\\\hrm-portal-ssmi\\\\dataconnect\": could not find dataconnect.yaml in `c:\\Users\\muale\\Desktop\\SSMI\\hrm-portal-ssmi\\dataconnect`\n"}}
[debug] [2026-03-10T02:31:03.282Z] E0310 09:31:03.283315   14756 watch.go:40] Failed to load config from "c:\\Users\\muale\\Desktop\\SSMI\\hrm-portal-ssmi\\dataconnect": could not find dataconnect.yaml in `c:\Users\muale\Desktop\SSMI\hrm-portal-ssmi\dataconnect`
 {"metadata":{"emulator":{"name":"dataconnect"},"message":"E0310 09:31:03.283315   14756 watch.go:40] Failed to load config from \"c:\\\\Users\\\\muale\\\\Desktop\\\\SSMI\\\\hrm-portal-ssmi\\\\dataconnect\": could not find dataconnect.yaml in `c:\\Users\\muale\\Desktop\\SSMI\\hrm-portal-ssmi\\dataconnect`\n"}}
[debug] [2026-03-10T02:31:13.284Z] E0310 09:31:13.284521   14756 watch.go:40] Failed to load config from "c:\\Users\\muale\\Desktop\\SSMI\\hrm-portal-ssmi\\dataconnect": could not find dataconnect.yaml in `c:\Users\muale\Desktop\SSMI\hrm-portal-ssmi\dataconnect`
 {"metadata":{"emulator":{"name":"dataconnect"},"message":"E0310 09:31:13.284521   14756 watch.go:40] Failed to load config from \"c:\\\\Users\\\\muale\\\\Desktop\\\\SSMI\\\\hrm-portal-ssmi\\\\dataconnect\": could not find dataconnect.yaml in `c:\\Users\\muale\\Desktop\\SSMI\\hrm-portal-ssmi\\dataconnect`\n"}}
[debug] [2026-03-10T02:31:23.284Z] E0310 09:31:23.284124   14756 watch.go:40] Failed to load config from "c:\\Users\\muale\\Desktop\\SSMI\\hrm-portal-ssmi\\dataconnect": could not find dataconnect.yaml in `c:\Users\muale\Desktop\SSMI\hrm-portal-ssmi\dataconnect`
 {"metadata":{"emulator":{"name":"dataconnect"},"message":"E0310 09:31:23.284124   14756 watch.go:40] Failed to load config from \"c:\\\\Users\\\\muale\\\\Desktop\\\\SSMI\\\\hrm-portal-ssmi\\\\dataconnect\": could not find dataconnect.yaml in `c:\\Users\\muale\\Desktop\\SSMI\\hrm-portal-ssmi\\dataconnect`\n"}}
[debug] [2026-03-10T02:31:33.283Z] E0310 09:31:33.282868   14756 watch.go:116] watchAllDir unable to walk dir `c:\Users\muale\Desktop\SSMI\hrm-portal-ssmi\dataconnect`: CreateFile c:\Users\muale\Desktop\SSMI\hrm-portal-ssmi\dataconnect: The system cannot find the file specified.
 {"metadata":{"emulator":{"name":"dataconnect"},"message":"E0310 09:31:33.282868   14756 watch.go:116] watchAllDir unable to walk dir `c:\\Users\\muale\\Desktop\\SSMI\\hrm-portal-ssmi\\dataconnect`: CreateFile c:\\Users\\muale\\Desktop\\SSMI\\hrm-portal-ssmi\\dataconnect: The system cannot find the file specified.\n"}}
[debug] [2026-03-10T02:31:33.284Z] E0310 09:31:33.283540   14756 watch.go:40] Failed to load config from "c:\\Users\\muale\\Desktop\\SSMI\\hrm-portal-ssmi\\dataconnect": could not find dataconnect.yaml in `c:\Users\muale\Desktop\SSMI\hrm-portal-ssmi\dataconnect`
 {"metadata":{"emulator":{"name":"dataconnect"},"message":"E0310 09:31:33.283540   14756 watch.go:40] Failed to load config from \"c:\\\\Users\\\\muale\\\\Desktop\\\\SSMI\\\\hrm-portal-ssmi\\\\dataconnect\": could not find dataconnect.yaml in `c:\\Users\\muale\\Desktop\\SSMI\\hrm-portal-ssmi\\dataconnect`\n"}}
[debug] [2026-03-10T02:31:43.283Z] E0310 09:31:43.283707   14756 watch.go:40] Failed to load config from "c:\\Users\\muale\\Desktop\\SSMI\\hrm-portal-ssmi\\dataconnect": could not find dataconnect.yaml in `c:\Users\muale\Desktop\SSMI\hrm-portal-ssmi\dataconnect`
 {"metadata":{"emulator":{"name":"dataconnect"},"message":"E0310 09:31:43.283707   14756 watch.go:40] Failed to load config from \"c:\\\\Users\\\\muale\\\\Desktop\\\\SSMI\\\\hrm-portal-ssmi\\\\dataconnect\": could not find dataconnect.yaml in `c:\\Users\\muale\\Desktop\\SSMI\\hrm-portal-ssmi\\dataconnect`\n"}}
[debug] [2026-03-10T02:31:53.283Z] E0310 09:31:53.283439   14756 watch.go:40] Failed to load config from "c:\\Users\\muale\\Desktop\\SSMI\\hrm-portal-ssmi\\dataconnect": could not find dataconnect.yaml in `c:\Users\muale\Desktop\SSMI\hrm-portal-ssmi\dataconnect`
 {"metadata":{"emulator":{"name":"dataconnect"},"message":"E0310 09:31:53.283439   14756 watch.go:40] Failed to load config from \"c:\\\\Users\\\\muale\\\\Desktop\\\\SSMI\\\\hrm-portal-ssmi\\\\dataconnect\": could not find dataconnect.yaml in `c:\\Users\\muale\\Desktop\\SSMI\\hrm-portal-ssmi\\dataconnect`\n"}}
[debug] [2026-03-10T02:32:03.284Z] E0310 09:32:03.283694   14756 watch.go:40] Failed to load config from "c:\\Users\\muale\\Desktop\\SSMI\\hrm-portal-ssmi\\dataconnect": could not find dataconnect.yaml in `c:\Users\muale\Desktop\SSMI\hrm-portal-ssmi\dataconnect`
 {"metadata":{"emulator":{"name":"dataconnect"},"message":"E0310 09:32:03.283694   14756 watch.go:40] Failed to load config from \"c:\\\\Users\\\\muale\\\\Desktop\\\\SSMI\\\\hrm-portal-ssmi\\\\dataconnect\": could not find dataconnect.yaml in `c:\\Users\\muale\\Desktop\\SSMI\\hrm-portal-ssmi\\dataconnect`\n"}}
[debug] [2026-03-10T02:32:13.284Z] E0310 09:32:13.284245   14756 watch.go:40] Failed to load config from "c:\\Users\\muale\\Desktop\\SSMI\\hrm-portal-ssmi\\dataconnect": could not find dataconnect.yaml in `c:\Users\muale\Desktop\SSMI\hrm-portal-ssmi\dataconnect`
 {"metadata":{"emulator":{"name":"dataconnect"},"message":"E0310 09:32:13.284245   14756 watch.go:40] Failed to load config from \"c:\\\\Users\\\\muale\\\\Desktop\\\\SSMI\\\\hrm-portal-ssmi\\\\dataconnect\": could not find dataconnect.yaml in `c:\\Users\\muale\\Desktop\\SSMI\\hrm-portal-ssmi\\dataconnect`\n"}}
[debug] [2026-03-10T02:32:23.289Z] E0310 09:32:23.287176   14756 watch.go:40] Failed to load config from "c:\\Users\\muale\\Desktop\\SSMI\\hrm-portal-ssmi\\dataconnect": could not find dataconnect.yaml in `c:\Users\muale\Desktop\SSMI\hrm-portal-ssmi\dataconnect`
 {"metadata":{"emulator":{"name":"dataconnect"},"message":"E0310 09:32:23.287176   14756 watch.go:40] Failed to load config from \"c:\\\\Users\\\\muale\\\\Desktop\\\\SSMI\\\\hrm-portal-ssmi\\\\dataconnect\": could not find dataconnect.yaml in `c:\\Users\\muale\\Desktop\\SSMI\\hrm-portal-ssmi\\dataconnect`\n"}}
[debug] [2026-03-10T02:32:33.283Z] E0310 09:32:33.282903   14756 watch.go:116] watchAllDir unable to walk dir `c:\Users\muale\Desktop\SSMI\hrm-portal-ssmi\dataconnect`: CreateFile c:\Users\muale\Desktop\SSMI\hrm-portal-ssmi\dataconnect: The system cannot find the file specified.
 {"metadata":{"emulator":{"name":"dataconnect"},"message":"E0310 09:32:33.282903   14756 watch.go:116] watchAllDir unable to walk dir `c:\\Users\\muale\\Desktop\\SSMI\\hrm-portal-ssmi\\dataconnect`: CreateFile c:\\Users\\muale\\Desktop\\SSMI\\hrm-portal-ssmi\\dataconnect: The system cannot find the file specified.\n"}}
[debug] [2026-03-10T02:32:33.285Z] E0310 09:32:33.283543   14756 watch.go:40] Failed to load config from "c:\\Users\\muale\\Desktop\\SSMI\\hrm-portal-ssmi\\dataconnect": could not find dataconnect.yaml in `c:\Users\muale\Desktop\SSMI\hrm-portal-ssmi\dataconnect`
 {"metadata":{"emulator":{"name":"dataconnect"},"message":"E0310 09:32:33.283543   14756 watch.go:40] Failed to load config from \"c:\\\\Users\\\\muale\\\\Desktop\\\\SSMI\\\\hrm-portal-ssmi\\\\dataconnect\": could not find dataconnect.yaml in `c:\\Users\\muale\\Desktop\\SSMI\\hrm-portal-ssmi\\dataconnect`\n"}}
[debug] [2026-03-10T02:32:43.284Z] E0310 09:32:43.284508   14756 watch.go:40] Failed to load config from "c:\\Users\\muale\\Desktop\\SSMI\\hrm-portal-ssmi\\dataconnect": could not find dataconnect.yaml in `c:\Users\muale\Desktop\SSMI\hrm-portal-ssmi\dataconnect`
 {"metadata":{"emulator":{"name":"dataconnect"},"message":"E0310 09:32:43.284508   14756 watch.go:40] Failed to load config from \"c:\\\\Users\\\\muale\\\\Desktop\\\\SSMI\\\\hrm-portal-ssmi\\\\dataconnect\": could not find dataconnect.yaml in `c:\\Users\\muale\\Desktop\\SSMI\\hrm-portal-ssmi\\dataconnect`\n"}}
[debug] [2026-03-10T02:32:53.284Z] E0310 09:32:53.283741   14756 watch.go:40] Failed to load config from "c:\\Users\\muale\\Desktop\\SSMI\\hrm-portal-ssmi\\dataconnect": could not find dataconnect.yaml in `c:\Users\muale\Desktop\SSMI\hrm-portal-ssmi\dataconnect`
 {"metadata":{"emulator":{"name":"dataconnect"},"message":"E0310 09:32:53.283741   14756 watch.go:40] Failed to load config from \"c:\\\\Users\\\\muale\\\\Desktop\\\\SSMI\\\\hrm-portal-ssmi\\\\dataconnect\": could not find dataconnect.yaml in `c:\\Users\\muale\\Desktop\\SSMI\\hrm-portal-ssmi\\dataconnect`\n"}}
[debug] [2026-03-10T02:33:03.283Z] E0310 09:33:03.283463   14756 watch.go:40] Failed to load config from "c:\\Users\\muale\\Desktop\\SSMI\\hrm-portal-ssmi\\dataconnect": could not find dataconnect.yaml in `c:\Users\muale\Desktop\SSMI\hrm-portal-ssmi\dataconnect`
 {"metadata":{"emulator":{"name":"dataconnect"},"message":"E0310 09:33:03.283463   14756 watch.go:40] Failed to load config from \"c:\\\\Users\\\\muale\\\\Desktop\\\\SSMI\\\\hrm-portal-ssmi\\\\dataconnect\": could not find dataconnect.yaml in `c:\\Users\\muale\\Desktop\\SSMI\\hrm-portal-ssmi\\dataconnect`\n"}}
[debug] [2026-03-10T02:33:13.283Z] E0310 09:33:13.283251   14756 watch.go:40] Failed to load config from "c:\\Users\\muale\\Desktop\\SSMI\\hrm-portal-ssmi\\dataconnect": could not find dataconnect.yaml in `c:\Users\muale\Desktop\SSMI\hrm-portal-ssmi\dataconnect`
 {"metadata":{"emulator":{"name":"dataconnect"},"message":"E0310 09:33:13.283251   14756 watch.go:40] Failed to load config from \"c:\\\\Users\\\\muale\\\\Desktop\\\\SSMI\\\\hrm-portal-ssmi\\\\dataconnect\": could not find dataconnect.yaml in `c:\\Users\\muale\\Desktop\\SSMI\\hrm-portal-ssmi\\dataconnect`\n"}}
[debug] [2026-03-10T02:33:23.283Z] E0310 09:33:23.283242   14756 watch.go:40] Failed to load config from "c:\\Users\\muale\\Desktop\\SSMI\\hrm-portal-ssmi\\dataconnect": could not find dataconnect.yaml in `c:\Users\muale\Desktop\SSMI\hrm-portal-ssmi\dataconnect`
 {"metadata":{"emulator":{"name":"dataconnect"},"message":"E0310 09:33:23.283242   14756 watch.go:40] Failed to load config from \"c:\\\\Users\\\\muale\\\\Desktop\\\\SSMI\\\\hrm-portal-ssmi\\\\dataconnect\": could not find dataconnect.yaml in `c:\\Users\\muale\\Desktop\\SSMI\\hrm-portal-ssmi\\dataconnect`\n"}}
[debug] [2026-03-10T02:33:33.284Z] E0310 09:33:33.283862   14756 watch.go:116] watchAllDir unable to walk dir `c:\Users\muale\Desktop\SSMI\hrm-portal-ssmi\dataconnect`: CreateFile c:\Users\muale\Desktop\SSMI\hrm-portal-ssmi\dataconnect: The system cannot find the file specified.
 {"metadata":{"emulator":{"name":"dataconnect"},"message":"E0310 09:33:33.283862   14756 watch.go:116] watchAllDir unable to walk dir `c:\\Users\\muale\\Desktop\\SSMI\\hrm-portal-ssmi\\dataconnect`: CreateFile c:\\Users\\muale\\Desktop\\SSMI\\hrm-portal-ssmi\\dataconnect: The system cannot find the file specified.\n"}}
[debug] [2026-03-10T02:33:33.286Z] E0310 09:33:33.284954   14756 watch.go:40] Failed to load config from "c:\\Users\\muale\\Desktop\\SSMI\\hrm-portal-ssmi\\dataconnect": could not find dataconnect.yaml in `c:\Users\muale\Desktop\SSMI\hrm-portal-ssmi\dataconnect`
 {"metadata":{"emulator":{"name":"dataconnect"},"message":"E0310 09:33:33.284954   14756 watch.go:40] Failed to load config from \"c:\\\\Users\\\\muale\\\\Desktop\\\\SSMI\\\\hrm-portal-ssmi\\\\dataconnect\": could not find dataconnect.yaml in `c:\\Users\\muale\\Desktop\\SSMI\\hrm-portal-ssmi\\dataconnect`\n"}}
[debug] [2026-03-10T02:33:43.284Z] E0310 09:33:43.284029   14756 watch.go:40] Failed to load config from "c:\\Users\\muale\\Desktop\\SSMI\\hrm-portal-ssmi\\dataconnect": could not find dataconnect.yaml in `c:\Users\muale\Desktop\SSMI\hrm-portal-ssmi\dataconnect`
 {"metadata":{"emulator":{"name":"dataconnect"},"message":"E0310 09:33:43.284029   14756 watch.go:40] Failed to load config from \"c:\\\\Users\\\\muale\\\\Desktop\\\\SSMI\\\\hrm-portal-ssmi\\\\dataconnect\": could not find dataconnect.yaml in `c:\\Users\\muale\\Desktop\\SSMI\\hrm-portal-ssmi\\dataconnect`\n"}}
[debug] [2026-03-10T02:33:53.284Z] E0310 09:33:53.283941   14756 watch.go:40] Failed to load config from "c:\\Users\\muale\\Desktop\\SSMI\\hrm-portal-ssmi\\dataconnect": could not find dataconnect.yaml in `c:\Users\muale\Desktop\SSMI\hrm-portal-ssmi\dataconnect`
 {"metadata":{"emulator":{"name":"dataconnect"},"message":"E0310 09:33:53.283941   14756 watch.go:40] Failed to load config from \"c:\\\\Users\\\\muale\\\\Desktop\\\\SSMI\\\\hrm-portal-ssmi\\\\dataconnect\": could not find dataconnect.yaml in `c:\\Users\\muale\\Desktop\\SSMI\\hrm-portal-ssmi\\dataconnect`\n"}}
[debug] [2026-03-10T02:34:03.283Z] E0310 09:34:03.283407   14756 watch.go:40] Failed to load config from "c:\\Users\\muale\\Desktop\\SSMI\\hrm-portal-ssmi\\dataconnect": could not find dataconnect.yaml in `c:\Users\muale\Desktop\SSMI\hrm-portal-ssmi\dataconnect`
 {"metadata":{"emulator":{"name":"dataconnect"},"message":"E0310 09:34:03.283407   14756 watch.go:40] Failed to load config from \"c:\\\\Users\\\\muale\\\\Desktop\\\\SSMI\\\\hrm-portal-ssmi\\\\dataconnect\": could not find dataconnect.yaml in `c:\\Users\\muale\\Desktop\\SSMI\\hrm-portal-ssmi\\dataconnect`\n"}}
[debug] [2026-03-10T02:34:13.283Z] E0310 09:34:13.283479   14756 watch.go:40] Failed to load config from "c:\\Users\\muale\\Desktop\\SSMI\\hrm-portal-ssmi\\dataconnect": could not find dataconnect.yaml in `c:\Users\muale\Desktop\SSMI\hrm-portal-ssmi\dataconnect`
 {"metadata":{"emulator":{"name":"dataconnect"},"message":"E0310 09:34:13.283479   14756 watch.go:40] Failed to load config from \"c:\\\\Users\\\\muale\\\\Desktop\\\\SSMI\\\\hrm-portal-ssmi\\\\dataconnect\": could not find dataconnect.yaml in `c:\\Users\\muale\\Desktop\\SSMI\\hrm-portal-ssmi\\dataconnect`\n"}}
[debug] [2026-03-10T02:34:23.284Z] E0310 09:34:23.283988   14756 watch.go:40] Failed to load config from "c:\\Users\\muale\\Desktop\\SSMI\\hrm-portal-ssmi\\dataconnect": could not find dataconnect.yaml in `c:\Users\muale\Desktop\SSMI\hrm-portal-ssmi\dataconnect`
 {"metadata":{"emulator":{"name":"dataconnect"},"message":"E0310 09:34:23.283988   14756 watch.go:40] Failed to load config from \"c:\\\\Users\\\\muale\\\\Desktop\\\\SSMI\\\\hrm-portal-ssmi\\\\dataconnect\": could not find dataconnect.yaml in `c:\\Users\\muale\\Desktop\\SSMI\\hrm-portal-ssmi\\dataconnect`\n"}}
[debug] [2026-03-10T02:34:33.283Z] E0310 09:34:33.282697   14756 watch.go:116] watchAllDir unable to walk dir `c:\Users\muale\Desktop\SSMI\hrm-portal-ssmi\dataconnect`: CreateFile c:\Users\muale\Desktop\SSMI\hrm-portal-ssmi\dataconnect: The system cannot find the file specified.
 {"metadata":{"emulator":{"name":"dataconnect"},"message":"E0310 09:34:33.282697   14756 watch.go:116] watchAllDir unable to walk dir `c:\\Users\\muale\\Desktop\\SSMI\\hrm-portal-ssmi\\dataconnect`: CreateFile c:\\Users\\muale\\Desktop\\SSMI\\hrm-portal-ssmi\\dataconnect: The system cannot find the file specified.\n"}}
[debug] [2026-03-10T02:34:33.283Z] E0310 09:34:33.283363   14756 watch.go:40] Failed to load config from "c:\\Users\\muale\\Desktop\\SSMI\\hrm-portal-ssmi\\dataconnect": could not find dataconnect.yaml in `c:\Users\muale\Desktop\SSMI\hrm-portal-ssmi\dataconnect`
 {"metadata":{"emulator":{"name":"dataconnect"},"message":"E0310 09:34:33.283363   14756 watch.go:40] Failed to load config from \"c:\\\\Users\\\\muale\\\\Desktop\\\\SSMI\\\\hrm-portal-ssmi\\\\dataconnect\": could not find dataconnect.yaml in `c:\\Users\\muale\\Desktop\\SSMI\\hrm-portal-ssmi\\dataconnect`\n"}}
[debug] [2026-03-10T02:34:43.284Z] E0310 09:34:43.284546   14756 watch.go:40] Failed to load config from "c:\\Users\\muale\\Desktop\\SSMI\\hrm-portal-ssmi\\dataconnect": could not find dataconnect.yaml in `c:\Users\muale\Desktop\SSMI\hrm-portal-ssmi\dataconnect`
 {"metadata":{"emulator":{"name":"dataconnect"},"message":"E0310 09:34:43.284546   14756 watch.go:40] Failed to load config from \"c:\\\\Users\\\\muale\\\\Desktop\\\\SSMI\\\\hrm-portal-ssmi\\\\dataconnect\": could not find dataconnect.yaml in `c:\\Users\\muale\\Desktop\\SSMI\\hrm-portal-ssmi\\dataconnect`\n"}}
[debug] [2026-03-10T02:34:53.283Z] E0310 09:34:53.283682   14756 watch.go:40] Failed to load config from "c:\\Users\\muale\\Desktop\\SSMI\\hrm-portal-ssmi\\dataconnect": could not find dataconnect.yaml in `c:\Users\muale\Desktop\SSMI\hrm-portal-ssmi\dataconnect`
 {"metadata":{"emulator":{"name":"dataconnect"},"message":"E0310 09:34:53.283682   14756 watch.go:40] Failed to load config from \"c:\\\\Users\\\\muale\\\\Desktop\\\\SSMI\\\\hrm-portal-ssmi\\\\dataconnect\": could not find dataconnect.yaml in `c:\\Users\\muale\\Desktop\\SSMI\\hrm-portal-ssmi\\dataconnect`\n"}}
[debug] [2026-03-10T02:35:03.283Z] E0310 09:35:03.283536   14756 watch.go:40] Failed to load config from "c:\\Users\\muale\\Desktop\\SSMI\\hrm-portal-ssmi\\dataconnect": could not find dataconnect.yaml in `c:\Users\muale\Desktop\SSMI\hrm-portal-ssmi\dataconnect`
 {"metadata":{"emulator":{"name":"dataconnect"},"message":"E0310 09:35:03.283536   14756 watch.go:40] Failed to load config from \"c:\\\\Users\\\\muale\\\\Desktop\\\\SSMI\\\\hrm-portal-ssmi\\\\dataconnect\": could not find dataconnect.yaml in `c:\\Users\\muale\\Desktop\\SSMI\\hrm-portal-ssmi\\dataconnect`\n"}}
[debug] [2026-03-10T02:35:13.283Z] E0310 09:35:13.283989   14756 watch.go:40] Failed to load config from "c:\\Users\\muale\\Desktop\\SSMI\\hrm-portal-ssmi\\dataconnect": could not find dataconnect.yaml in `c:\Users\muale\Desktop\SSMI\hrm-portal-ssmi\dataconnect`
 {"metadata":{"emulator":{"name":"dataconnect"},"message":"E0310 09:35:13.283989   14756 watch.go:40] Failed to load config from \"c:\\\\Users\\\\muale\\\\Desktop\\\\SSMI\\\\hrm-portal-ssmi\\\\dataconnect\": could not find dataconnect.yaml in `c:\\Users\\muale\\Desktop\\SSMI\\hrm-portal-ssmi\\dataconnect`\n"}}
[debug] [2026-03-10T02:35:23.283Z] E0310 09:35:23.283987   14756 watch.go:40] Failed to load config from "c:\\Users\\muale\\Desktop\\SSMI\\hrm-portal-ssmi\\dataconnect": could not find dataconnect.yaml in `c:\Users\muale\Desktop\SSMI\hrm-portal-ssmi\dataconnect`
 {"metadata":{"emulator":{"name":"dataconnect"},"message":"E0310 09:35:23.283987   14756 watch.go:40] Failed to load config from \"c:\\\\Users\\\\muale\\\\Desktop\\\\SSMI\\\\hrm-portal-ssmi\\\\dataconnect\": could not find dataconnect.yaml in `c:\\Users\\muale\\Desktop\\SSMI\\hrm-portal-ssmi\\dataconnect`\n"}}
[debug] [2026-03-10T02:35:33.282Z] E0310 09:35:33.282703   14756 watch.go:116] watchAllDir unable to walk dir `c:\Users\muale\Desktop\SSMI\hrm-portal-ssmi\dataconnect`: CreateFile c:\Users\muale\Desktop\SSMI\hrm-portal-ssmi\dataconnect: The system cannot find the file specified.
 {"metadata":{"emulator":{"name":"dataconnect"},"message":"E0310 09:35:33.282703   14756 watch.go:116] watchAllDir unable to walk dir `c:\\Users\\muale\\Desktop\\SSMI\\hrm-portal-ssmi\\dataconnect`: CreateFile c:\\Users\\muale\\Desktop\\SSMI\\hrm-portal-ssmi\\dataconnect: The system cannot find the file specified.\n"}}
[debug] [2026-03-10T02:35:33.283Z] E0310 09:35:33.283363   14756 watch.go:40] Failed to load config from "c:\\Users\\muale\\Desktop\\SSMI\\hrm-portal-ssmi\\dataconnect": could not find dataconnect.yaml in `c:\Users\muale\Desktop\SSMI\hrm-portal-ssmi\dataconnect`
 {"metadata":{"emulator":{"name":"dataconnect"},"message":"E0310 09:35:33.283363   14756 watch.go:40] Failed to load config from \"c:\\\\Users\\\\muale\\\\Desktop\\\\SSMI\\\\hrm-portal-ssmi\\\\dataconnect\": could not find dataconnect.yaml in `c:\\Users\\muale\\Desktop\\SSMI\\hrm-portal-ssmi\\dataconnect`\n"}}
[debug] [2026-03-10T02:35:43.285Z] E0310 09:35:43.284948   14756 watch.go:40] Failed to load config from "c:\\Users\\muale\\Desktop\\SSMI\\hrm-portal-ssmi\\dataconnect": could not find dataconnect.yaml in `c:\Users\muale\Desktop\SSMI\hrm-portal-ssmi\dataconnect`
 {"metadata":{"emulator":{"name":"dataconnect"},"message":"E0310 09:35:43.284948   14756 watch.go:40] Failed to load config from \"c:\\\\Users\\\\muale\\\\Desktop\\\\SSMI\\\\hrm-portal-ssmi\\\\dataconnect\": could not find dataconnect.yaml in `c:\\Users\\muale\\Desktop\\SSMI\\hrm-portal-ssmi\\dataconnect`\n"}}
[debug] [2026-03-10T02:35:53.284Z] E0310 09:35:53.284313   14756 watch.go:40] Failed to load config from "c:\\Users\\muale\\Desktop\\SSMI\\hrm-portal-ssmi\\dataconnect": could not find dataconnect.yaml in `c:\Users\muale\Desktop\SSMI\hrm-portal-ssmi\dataconnect`
 {"metadata":{"emulator":{"name":"dataconnect"},"message":"E0310 09:35:53.284313   14756 watch.go:40] Failed to load config from \"c:\\\\Users\\\\muale\\\\Desktop\\\\SSMI\\\\hrm-portal-ssmi\\\\dataconnect\": could not find dataconnect.yaml in `c:\\Users\\muale\\Desktop\\SSMI\\hrm-portal-ssmi\\dataconnect`\n"}}
[debug] [2026-03-10T02:36:03.283Z] E0310 09:36:03.283617   14756 watch.go:40] Failed to load config from "c:\\Users\\muale\\Desktop\\SSMI\\hrm-portal-ssmi\\dataconnect": could not find dataconnect.yaml in `c:\Users\muale\Desktop\SSMI\hrm-portal-ssmi\dataconnect`
 {"metadata":{"emulator":{"name":"dataconnect"},"message":"E0310 09:36:03.283617   14756 watch.go:40] Failed to load config from \"c:\\\\Users\\\\muale\\\\Desktop\\\\SSMI\\\\hrm-portal-ssmi\\\\dataconnect\": could not find dataconnect.yaml in `c:\\Users\\muale\\Desktop\\SSMI\\hrm-portal-ssmi\\dataconnect`\n"}}
[debug] [2026-03-10T02:36:13.284Z] E0310 09:36:13.283863   14756 watch.go:40] Failed to load config from "c:\\Users\\muale\\Desktop\\SSMI\\hrm-portal-ssmi\\dataconnect": could not find dataconnect.yaml in `c:\Users\muale\Desktop\SSMI\hrm-portal-ssmi\dataconnect`
 {"metadata":{"emulator":{"name":"dataconnect"},"message":"E0310 09:36:13.283863   14756 watch.go:40] Failed to load config from \"c:\\\\Users\\\\muale\\\\Desktop\\\\SSMI\\\\hrm-portal-ssmi\\\\dataconnect\": could not find dataconnect.yaml in `c:\\Users\\muale\\Desktop\\SSMI\\hrm-portal-ssmi\\dataconnect`\n"}}
[debug] [2026-03-10T02:36:23.284Z] E0310 09:36:23.284278   14756 watch.go:40] Failed to load config from "c:\\Users\\muale\\Desktop\\SSMI\\hrm-portal-ssmi\\dataconnect": could not find dataconnect.yaml in `c:\Users\muale\Desktop\SSMI\hrm-portal-ssmi\dataconnect`
 {"metadata":{"emulator":{"name":"dataconnect"},"message":"E0310 09:36:23.284278   14756 watch.go:40] Failed to load config from \"c:\\\\Users\\\\muale\\\\Desktop\\\\SSMI\\\\hrm-portal-ssmi\\\\dataconnect\": could not find dataconnect.yaml in `c:\\Users\\muale\\Desktop\\SSMI\\hrm-portal-ssmi\\dataconnect`\n"}}
[debug] [2026-03-10T02:36:33.282Z] E0310 09:36:33.282628   14756 watch.go:116] watchAllDir unable to walk dir `c:\Users\muale\Desktop\SSMI\hrm-portal-ssmi\dataconnect`: CreateFile c:\Users\muale\Desktop\SSMI\hrm-portal-ssmi\dataconnect: The system cannot find the file specified.
 {"metadata":{"emulator":{"name":"dataconnect"},"message":"E0310 09:36:33.282628   14756 watch.go:116] watchAllDir unable to walk dir `c:\\Users\\muale\\Desktop\\SSMI\\hrm-portal-ssmi\\dataconnect`: CreateFile c:\\Users\\muale\\Desktop\\SSMI\\hrm-portal-ssmi\\dataconnect: The system cannot find the file specified.\n"}}
[debug] [2026-03-10T02:36:33.283Z] E0310 09:36:33.283375   14756 watch.go:40] Failed to load config from "c:\\Users\\muale\\Desktop\\SSMI\\hrm-portal-ssmi\\dataconnect": could not find dataconnect.yaml in `c:\Users\muale\Desktop\SSMI\hrm-portal-ssmi\dataconnect`
 {"metadata":{"emulator":{"name":"dataconnect"},"message":"E0310 09:36:33.283375   14756 watch.go:40] Failed to load config from \"c:\\\\Users\\\\muale\\\\Desktop\\\\SSMI\\\\hrm-portal-ssmi\\\\dataconnect\": could not find dataconnect.yaml in `c:\\Users\\muale\\Desktop\\SSMI\\hrm-portal-ssmi\\dataconnect`\n"}}
[debug] [2026-03-10T02:36:43.283Z] E0310 09:36:43.283710   14756 watch.go:40] Failed to load config from "c:\\Users\\muale\\Desktop\\SSMI\\hrm-portal-ssmi\\dataconnect": could not find dataconnect.yaml in `c:\Users\muale\Desktop\SSMI\hrm-portal-ssmi\dataconnect`
 {"metadata":{"emulator":{"name":"dataconnect"},"message":"E0310 09:36:43.283710   14756 watch.go:40] Failed to load config from \"c:\\\\Users\\\\muale\\\\Desktop\\\\SSMI\\\\hrm-portal-ssmi\\\\dataconnect\": could not find dataconnect.yaml in `c:\\Users\\muale\\Desktop\\SSMI\\hrm-portal-ssmi\\dataconnect`\n"}}
[debug] [2026-03-10T02:36:53.283Z] E0310 09:36:53.283253   14756 watch.go:40] Failed to load config from "c:\\Users\\muale\\Desktop\\SSMI\\hrm-portal-ssmi\\dataconnect": could not find dataconnect.yaml in `c:\Users\muale\Desktop\SSMI\hrm-portal-ssmi\dataconnect`
 {"metadata":{"emulator":{"name":"dataconnect"},"message":"E0310 09:36:53.283253   14756 watch.go:40] Failed to load config from \"c:\\\\Users\\\\muale\\\\Desktop\\\\SSMI\\\\hrm-portal-ssmi\\\\dataconnect\": could not find dataconnect.yaml in `c:\\Users\\muale\\Desktop\\SSMI\\hrm-portal-ssmi\\dataconnect`\n"}}
[debug] [2026-03-10T02:37:03.283Z] E0310 09:37:03.283159   14756 watch.go:40] Failed to load config from "c:\\Users\\muale\\Desktop\\SSMI\\hrm-portal-ssmi\\dataconnect": could not find dataconnect.yaml in `c:\Users\muale\Desktop\SSMI\hrm-portal-ssmi\dataconnect`
 {"metadata":{"emulator":{"name":"dataconnect"},"message":"E0310 09:37:03.283159   14756 watch.go:40] Failed to load config from \"c:\\\\Users\\\\muale\\\\Desktop\\\\SSMI\\\\hrm-portal-ssmi\\\\dataconnect\": could not find dataconnect.yaml in `c:\\Users\\muale\\Desktop\\SSMI\\hrm-portal-ssmi\\dataconnect`\n"}}
[debug] [2026-03-10T02:37:13.284Z] E0310 09:37:13.283491   14756 watch.go:40] Failed to load config from "c:\\Users\\muale\\Desktop\\SSMI\\hrm-portal-ssmi\\dataconnect": could not find dataconnect.yaml in `c:\Users\muale\Desktop\SSMI\hrm-portal-ssmi\dataconnect`
 {"metadata":{"emulator":{"name":"dataconnect"},"message":"E0310 09:37:13.283491   14756 watch.go:40] Failed to load config from \"c:\\\\Users\\\\muale\\\\Desktop\\\\SSMI\\\\hrm-portal-ssmi\\\\dataconnect\": could not find dataconnect.yaml in `c:\\Users\\muale\\Desktop\\SSMI\\hrm-portal-ssmi\\dataconnect`\n"}}
[debug] [2026-03-10T02:37:23.283Z] E0310 09:37:23.283254   14756 watch.go:40] Failed to load config from "c:\\Users\\muale\\Desktop\\SSMI\\hrm-portal-ssmi\\dataconnect": could not find dataconnect.yaml in `c:\Users\muale\Desktop\SSMI\hrm-portal-ssmi\dataconnect`
 {"metadata":{"emulator":{"name":"dataconnect"},"message":"E0310 09:37:23.283254   14756 watch.go:40] Failed to load config from \"c:\\\\Users\\\\muale\\\\Desktop\\\\SSMI\\\\hrm-portal-ssmi\\\\dataconnect\": could not find dataconnect.yaml in `c:\\Users\\muale\\Desktop\\SSMI\\hrm-portal-ssmi\\dataconnect`\n"}}
[debug] [2026-03-10T02:37:33.283Z] E0310 09:37:33.283314   14756 watch.go:116] watchAllDir unable to walk dir `c:\Users\muale\Desktop\SSMI\hrm-portal-ssmi\dataconnect`: CreateFile c:\Users\muale\Desktop\SSMI\hrm-portal-ssmi\dataconnect: The system cannot find the file specified.
 {"metadata":{"emulator":{"name":"dataconnect"},"message":"E0310 09:37:33.283314   14756 watch.go:116] watchAllDir unable to walk dir `c:\\Users\\muale\\Desktop\\SSMI\\hrm-portal-ssmi\\dataconnect`: CreateFile c:\\Users\\muale\\Desktop\\SSMI\\hrm-portal-ssmi\\dataconnect: The system cannot find the file specified.\n"}}
[debug] [2026-03-10T02:37:33.285Z] E0310 09:37:33.284119   14756 watch.go:40] Failed to load config from "c:\\Users\\muale\\Desktop\\SSMI\\hrm-portal-ssmi\\dataconnect": could not find dataconnect.yaml in `c:\Users\muale\Desktop\SSMI\hrm-portal-ssmi\dataconnect`
 {"metadata":{"emulator":{"name":"dataconnect"},"message":"E0310 09:37:33.284119   14756 watch.go:40] Failed to load config from \"c:\\\\Users\\\\muale\\\\Desktop\\\\SSMI\\\\hrm-portal-ssmi\\\\dataconnect\": could not find dataconnect.yaml in `c:\\Users\\muale\\Desktop\\SSMI\\hrm-portal-ssmi\\dataconnect`\n"}}
[debug] [2026-03-10T02:37:43.283Z] E0310 09:37:43.283691   14756 watch.go:40] Failed to load config from "c:\\Users\\muale\\Desktop\\SSMI\\hrm-portal-ssmi\\dataconnect": could not find dataconnect.yaml in `c:\Users\muale\Desktop\SSMI\hrm-portal-ssmi\dataconnect`
 {"metadata":{"emulator":{"name":"dataconnect"},"message":"E0310 09:37:43.283691   14756 watch.go:40] Failed to load config from \"c:\\\\Users\\\\muale\\\\Desktop\\\\SSMI\\\\hrm-portal-ssmi\\\\dataconnect\": could not find dataconnect.yaml in `c:\\Users\\muale\\Desktop\\SSMI\\hrm-portal-ssmi\\dataconnect`\n"}}
[debug] [2026-03-10T02:37:53.283Z] E0310 09:37:53.283212   14756 watch.go:40] Failed to load config from "c:\\Users\\muale\\Desktop\\SSMI\\hrm-portal-ssmi\\dataconnect": could not find dataconnect.yaml in `c:\Users\muale\Desktop\SSMI\hrm-portal-ssmi\dataconnect`
 {"metadata":{"emulator":{"name":"dataconnect"},"message":"E0310 09:37:53.283212   14756 watch.go:40] Failed to load config from \"c:\\\\Users\\\\muale\\\\Desktop\\\\SSMI\\\\hrm-portal-ssmi\\\\dataconnect\": could not find dataconnect.yaml in `c:\\Users\\muale\\Desktop\\SSMI\\hrm-portal-ssmi\\dataconnect`\n"}}
[debug] [2026-03-10T02:38:03.283Z] E0310 09:38:03.283471   14756 watch.go:40] Failed to load config from "c:\\Users\\muale\\Desktop\\SSMI\\hrm-portal-ssmi\\dataconnect": could not find dataconnect.yaml in `c:\Users\muale\Desktop\SSMI\hrm-portal-ssmi\dataconnect`
 {"metadata":{"emulator":{"name":"dataconnect"},"message":"E0310 09:38:03.283471   14756 watch.go:40] Failed to load config from \"c:\\\\Users\\\\muale\\\\Desktop\\\\SSMI\\\\hrm-portal-ssmi\\\\dataconnect\": could not find dataconnect.yaml in `c:\\Users\\muale\\Desktop\\SSMI\\hrm-portal-ssmi\\dataconnect`\n"}}
[debug] [2026-03-10T02:38:13.283Z] E0310 09:38:13.283717   14756 watch.go:40] Failed to load config from "c:\\Users\\muale\\Desktop\\SSMI\\hrm-portal-ssmi\\dataconnect": could not find dataconnect.yaml in `c:\Users\muale\Desktop\SSMI\hrm-portal-ssmi\dataconnect`
 {"metadata":{"emulator":{"name":"dataconnect"},"message":"E0310 09:38:13.283717   14756 watch.go:40] Failed to load config from \"c:\\\\Users\\\\muale\\\\Desktop\\\\SSMI\\\\hrm-portal-ssmi\\\\dataconnect\": could not find dataconnect.yaml in `c:\\Users\\muale\\Desktop\\SSMI\\hrm-portal-ssmi\\dataconnect`\n"}}
[debug] [2026-03-10T02:38:23.283Z] E0310 09:38:23.283238   14756 watch.go:40] Failed to load config from "c:\\Users\\muale\\Desktop\\SSMI\\hrm-portal-ssmi\\dataconnect": could not find dataconnect.yaml in `c:\Users\muale\Desktop\SSMI\hrm-portal-ssmi\dataconnect`
 {"metadata":{"emulator":{"name":"dataconnect"},"message":"E0310 09:38:23.283238   14756 watch.go:40] Failed to load config from \"c:\\\\Users\\\\muale\\\\Desktop\\\\SSMI\\\\hrm-portal-ssmi\\\\dataconnect\": could not find dataconnect.yaml in `c:\\Users\\muale\\Desktop\\SSMI\\hrm-portal-ssmi\\dataconnect`\n"}}
[debug] [2026-03-10T02:38:33.282Z] E0310 09:38:33.282616   14756 watch.go:116] watchAllDir unable to walk dir `c:\Users\muale\Desktop\SSMI\hrm-portal-ssmi\dataconnect`: CreateFile c:\Users\muale\Desktop\SSMI\hrm-portal-ssmi\dataconnect: The system cannot find the file specified.
 {"metadata":{"emulator":{"name":"dataconnect"},"message":"E0310 09:38:33.282616   14756 watch.go:116] watchAllDir unable to walk dir `c:\\Users\\muale\\Desktop\\SSMI\\hrm-portal-ssmi\\dataconnect`: CreateFile c:\\Users\\muale\\Desktop\\SSMI\\hrm-portal-ssmi\\dataconnect: The system cannot find the file specified.\n"}}
[debug] [2026-03-10T02:38:33.284Z] E0310 09:38:33.283329   14756 watch.go:40] Failed to load config from "c:\\Users\\muale\\Desktop\\SSMI\\hrm-portal-ssmi\\dataconnect": could not find dataconnect.yaml in `c:\Users\muale\Desktop\SSMI\hrm-portal-ssmi\dataconnect`
 {"metadata":{"emulator":{"name":"dataconnect"},"message":"E0310 09:38:33.283329   14756 watch.go:40] Failed to load config from \"c:\\\\Users\\\\muale\\\\Desktop\\\\SSMI\\\\hrm-portal-ssmi\\\\dataconnect\": could not find dataconnect.yaml in `c:\\Users\\muale\\Desktop\\SSMI\\hrm-portal-ssmi\\dataconnect`\n"}}
[debug] [2026-03-10T02:38:43.283Z] E0310 09:38:43.283849   14756 watch.go:40] Failed to load config from "c:\\Users\\muale\\Desktop\\SSMI\\hrm-portal-ssmi\\dataconnect": could not find dataconnect.yaml in `c:\Users\muale\Desktop\SSMI\hrm-portal-ssmi\dataconnect`
 {"metadata":{"emulator":{"name":"dataconnect"},"message":"E0310 09:38:43.283849   14756 watch.go:40] Failed to load config from \"c:\\\\Users\\\\muale\\\\Desktop\\\\SSMI\\\\hrm-portal-ssmi\\\\dataconnect\": could not find dataconnect.yaml in `c:\\Users\\muale\\Desktop\\SSMI\\hrm-portal-ssmi\\dataconnect`\n"}}
[debug] [2026-03-10T02:38:53.283Z] E0310 09:38:53.283981   14756 watch.go:40] Failed to load config from "c:\\Users\\muale\\Desktop\\SSMI\\hrm-portal-ssmi\\dataconnect": could not find dataconnect.yaml in `c:\Users\muale\Desktop\SSMI\hrm-portal-ssmi\dataconnect`
 {"metadata":{"emulator":{"name":"dataconnect"},"message":"E0310 09:38:53.283981   14756 watch.go:40] Failed to load config from \"c:\\\\Users\\\\muale\\\\Desktop\\\\SSMI\\\\hrm-portal-ssmi\\\\dataconnect\": could not find dataconnect.yaml in `c:\\Users\\muale\\Desktop\\SSMI\\hrm-portal-ssmi\\dataconnect`\n"}}
[debug] [2026-03-10T02:39:03.284Z] E0310 09:39:03.283997   14756 watch.go:40] Failed to load config from "c:\\Users\\muale\\Desktop\\SSMI\\hrm-portal-ssmi\\dataconnect": could not find dataconnect.yaml in `c:\Users\muale\Desktop\SSMI\hrm-portal-ssmi\dataconnect`
 {"metadata":{"emulator":{"name":"dataconnect"},"message":"E0310 09:39:03.283997   14756 watch.go:40] Failed to load config from \"c:\\\\Users\\\\muale\\\\Desktop\\\\SSMI\\\\hrm-portal-ssmi\\\\dataconnect\": could not find dataconnect.yaml in `c:\\Users\\muale\\Desktop\\SSMI\\hrm-portal-ssmi\\dataconnect`\n"}}
[debug] [2026-03-10T02:39:13.283Z] E0310 09:39:13.283838   14756 watch.go:40] Failed to load config from "c:\\Users\\muale\\Desktop\\SSMI\\hrm-portal-ssmi\\dataconnect": could not find dataconnect.yaml in `c:\Users\muale\Desktop\SSMI\hrm-portal-ssmi\dataconnect`
 {"metadata":{"emulator":{"name":"dataconnect"},"message":"E0310 09:39:13.283838   14756 watch.go:40] Failed to load config from \"c:\\\\Users\\\\muale\\\\Desktop\\\\SSMI\\\\hrm-portal-ssmi\\\\dataconnect\": could not find dataconnect.yaml in `c:\\Users\\muale\\Desktop\\SSMI\\hrm-portal-ssmi\\dataconnect`\n"}}
[debug] [2026-03-10T02:39:23.283Z] E0310 09:39:23.283614   14756 watch.go:40] Failed to load config from "c:\\Users\\muale\\Desktop\\SSMI\\hrm-portal-ssmi\\dataconnect": could not find dataconnect.yaml in `c:\Users\muale\Desktop\SSMI\hrm-portal-ssmi\dataconnect`
 {"metadata":{"emulator":{"name":"dataconnect"},"message":"E0310 09:39:23.283614   14756 watch.go:40] Failed to load config from \"c:\\\\Users\\\\muale\\\\Desktop\\\\SSMI\\\\hrm-portal-ssmi\\\\dataconnect\": could not find dataconnect.yaml in `c:\\Users\\muale\\Desktop\\SSMI\\hrm-portal-ssmi\\dataconnect`\n"}}
[debug] [2026-03-10T02:39:33.283Z] E0310 09:39:33.282919   14756 watch.go:116] watchAllDir unable to walk dir `c:\Users\muale\Desktop\SSMI\hrm-portal-ssmi\dataconnect`: CreateFile c:\Users\muale\Desktop\SSMI\hrm-portal-ssmi\dataconnect: The system cannot find the file specified.
 {"metadata":{"emulator":{"name":"dataconnect"},"message":"E0310 09:39:33.282919   14756 watch.go:116] watchAllDir unable to walk dir `c:\\Users\\muale\\Desktop\\SSMI\\hrm-portal-ssmi\\dataconnect`: CreateFile c:\\Users\\muale\\Desktop\\SSMI\\hrm-portal-ssmi\\dataconnect: The system cannot find the file specified.\n"}}
[debug] [2026-03-10T02:39:33.284Z] E0310 09:39:33.283426   14756 watch.go:40] Failed to load config from "c:\\Users\\muale\\Desktop\\SSMI\\hrm-portal-ssmi\\dataconnect": could not find dataconnect.yaml in `c:\Users\muale\Desktop\SSMI\hrm-portal-ssmi\dataconnect`
 {"metadata":{"emulator":{"name":"dataconnect"},"message":"E0310 09:39:33.283426   14756 watch.go:40] Failed to load config from \"c:\\\\Users\\\\muale\\\\Desktop\\\\SSMI\\\\hrm-portal-ssmi\\\\dataconnect\": could not find dataconnect.yaml in `c:\\Users\\muale\\Desktop\\SSMI\\hrm-portal-ssmi\\dataconnect`\n"}}
[debug] [2026-03-10T02:39:43.283Z] E0310 09:39:43.283581   14756 watch.go:40] Failed to load config from "c:\\Users\\muale\\Desktop\\SSMI\\hrm-portal-ssmi\\dataconnect": could not find dataconnect.yaml in `c:\Users\muale\Desktop\SSMI\hrm-portal-ssmi\dataconnect`
 {"metadata":{"emulator":{"name":"dataconnect"},"message":"E0310 09:39:43.283581   14756 watch.go:40] Failed to load config from \"c:\\\\Users\\\\muale\\\\Desktop\\\\SSMI\\\\hrm-portal-ssmi\\\\dataconnect\": could not find dataconnect.yaml in `c:\\Users\\muale\\Desktop\\SSMI\\hrm-portal-ssmi\\dataconnect`\n"}}
[debug] [2026-03-10T02:39:53.285Z] E0310 09:39:53.284388   14756 watch.go:40] Failed to load config from "c:\\Users\\muale\\Desktop\\SSMI\\hrm-portal-ssmi\\dataconnect": could not find dataconnect.yaml in `c:\Users\muale\Desktop\SSMI\hrm-portal-ssmi\dataconnect`
 {"metadata":{"emulator":{"name":"dataconnect"},"message":"E0310 09:39:53.284388   14756 watch.go:40] Failed to load config from \"c:\\\\Users\\\\muale\\\\Desktop\\\\SSMI\\\\hrm-portal-ssmi\\\\dataconnect\": could not find dataconnect.yaml in `c:\\Users\\muale\\Desktop\\SSMI\\hrm-portal-ssmi\\dataconnect`\n"}}
[debug] [2026-03-10T02:40:03.283Z] E0310 09:40:03.283093   14756 watch.go:40] Failed to load config from "c:\\Users\\muale\\Desktop\\SSMI\\hrm-portal-ssmi\\dataconnect": could not find dataconnect.yaml in `c:\Users\muale\Desktop\SSMI\hrm-portal-ssmi\dataconnect`
 {"metadata":{"emulator":{"name":"dataconnect"},"message":"E0310 09:40:03.283093   14756 watch.go:40] Failed to load config from \"c:\\\\Users\\\\muale\\\\Desktop\\\\SSMI\\\\hrm-portal-ssmi\\\\dataconnect\": could not find dataconnect.yaml in `c:\\Users\\muale\\Desktop\\SSMI\\hrm-portal-ssmi\\dataconnect`\n"}}
[debug] [2026-03-10T02:40:13.284Z] E0310 09:40:13.283396   14756 watch.go:40] Failed to load config from "c:\\Users\\muale\\Desktop\\SSMI\\hrm-portal-ssmi\\dataconnect": could not find dataconnect.yaml in `c:\Users\muale\Desktop\SSMI\hrm-portal-ssmi\dataconnect`
 {"metadata":{"emulator":{"name":"dataconnect"},"message":"E0310 09:40:13.283396   14756 watch.go:40] Failed to load config from \"c:\\\\Users\\\\muale\\\\Desktop\\\\SSMI\\\\hrm-portal-ssmi\\\\dataconnect\": could not find dataconnect.yaml in `c:\\Users\\muale\\Desktop\\SSMI\\hrm-portal-ssmi\\dataconnect`\n"}}
[debug] [2026-03-10T02:40:23.283Z] E0310 09:40:23.283434   14756 watch.go:40] Failed to load config from "c:\\Users\\muale\\Desktop\\SSMI\\hrm-portal-ssmi\\dataconnect": could not find dataconnect.yaml in `c:\Users\muale\Desktop\SSMI\hrm-portal-ssmi\dataconnect`
 {"metadata":{"emulator":{"name":"dataconnect"},"message":"E0310 09:40:23.283434   14756 watch.go:40] Failed to load config from \"c:\\\\Users\\\\muale\\\\Desktop\\\\SSMI\\\\hrm-portal-ssmi\\\\dataconnect\": could not find dataconnect.yaml in `c:\\Users\\muale\\Desktop\\SSMI\\hrm-portal-ssmi\\dataconnect`\n"}}
[debug] [2026-03-10T02:40:33.283Z] E0310 09:40:33.282579   14756 watch.go:116] watchAllDir unable to walk dir `c:\Users\muale\Desktop\SSMI\hrm-portal-ssmi\dataconnect`: CreateFile c:\Users\muale\Desktop\SSMI\hrm-portal-ssmi\dataconnect: The system cannot find the file specified.
 {"metadata":{"emulator":{"name":"dataconnect"},"message":"E0310 09:40:33.282579   14756 watch.go:116] watchAllDir unable to walk dir `c:\\Users\\muale\\Desktop\\SSMI\\hrm-portal-ssmi\\dataconnect`: CreateFile c:\\Users\\muale\\Desktop\\SSMI\\hrm-portal-ssmi\\dataconnect: The system cannot find the file specified.\n"}}
[debug] [2026-03-10T02:40:33.284Z] E0310 09:40:33.283167   14756 watch.go:40] Failed to load config from "c:\\Users\\muale\\Desktop\\SSMI\\hrm-portal-ssmi\\dataconnect": could not find dataconnect.yaml in `c:\Users\muale\Desktop\SSMI\hrm-portal-ssmi\dataconnect`
 {"metadata":{"emulator":{"name":"dataconnect"},"message":"E0310 09:40:33.283167   14756 watch.go:40] Failed to load config from \"c:\\\\Users\\\\muale\\\\Desktop\\\\SSMI\\\\hrm-portal-ssmi\\\\dataconnect\": could not find dataconnect.yaml in `c:\\Users\\muale\\Desktop\\SSMI\\hrm-portal-ssmi\\dataconnect`\n"}}
[debug] [2026-03-10T02:40:43.283Z] E0310 09:40:43.283377   14756 watch.go:40] Failed to load config from "c:\\Users\\muale\\Desktop\\SSMI\\hrm-portal-ssmi\\dataconnect": could not find dataconnect.yaml in `c:\Users\muale\Desktop\SSMI\hrm-portal-ssmi\dataconnect`
 {"metadata":{"emulator":{"name":"dataconnect"},"message":"E0310 09:40:43.283377   14756 watch.go:40] Failed to load config from \"c:\\\\Users\\\\muale\\\\Desktop\\\\SSMI\\\\hrm-portal-ssmi\\\\dataconnect\": could not find dataconnect.yaml in `c:\\Users\\muale\\Desktop\\SSMI\\hrm-portal-ssmi\\dataconnect`\n"}}
[debug] [2026-03-10T02:40:53.283Z] E0310 09:40:53.282715   14756 watch.go:40] Failed to load config from "c:\\Users\\muale\\Desktop\\SSMI\\hrm-portal-ssmi\\dataconnect": could not find dataconnect.yaml in `c:\Users\muale\Desktop\SSMI\hrm-portal-ssmi\dataconnect`
 {"metadata":{"emulator":{"name":"dataconnect"},"message":"E0310 09:40:53.282715   14756 watch.go:40] Failed to load config from \"c:\\\\Users\\\\muale\\\\Desktop\\\\SSMI\\\\hrm-portal-ssmi\\\\dataconnect\": could not find dataconnect.yaml in `c:\\Users\\muale\\Desktop\\SSMI\\hrm-portal-ssmi\\dataconnect`\n"}}
[debug] [2026-03-10T02:41:03.284Z] E0310 09:41:03.283288   14756 watch.go:40] Failed to load config from "c:\\Users\\muale\\Desktop\\SSMI\\hrm-portal-ssmi\\dataconnect": could not find dataconnect.yaml in `c:\Users\muale\Desktop\SSMI\hrm-portal-ssmi\dataconnect`
 {"metadata":{"emulator":{"name":"dataconnect"},"message":"E0310 09:41:03.283288   14756 watch.go:40] Failed to load config from \"c:\\\\Users\\\\muale\\\\Desktop\\\\SSMI\\\\hrm-portal-ssmi\\\\dataconnect\": could not find dataconnect.yaml in `c:\\Users\\muale\\Desktop\\SSMI\\hrm-portal-ssmi\\dataconnect`\n"}}
[debug] [2026-03-10T02:41:13.284Z] E0310 09:41:13.283892   14756 watch.go:40] Failed to load config from "c:\\Users\\muale\\Desktop\\SSMI\\hrm-portal-ssmi\\dataconnect": could not find dataconnect.yaml in `c:\Users\muale\Desktop\SSMI\hrm-portal-ssmi\dataconnect`
 {"metadata":{"emulator":{"name":"dataconnect"},"message":"E0310 09:41:13.283892   14756 watch.go:40] Failed to load config from \"c:\\\\Users\\\\muale\\\\Desktop\\\\SSMI\\\\hrm-portal-ssmi\\\\dataconnect\": could not find dataconnect.yaml in `c:\\Users\\muale\\Desktop\\SSMI\\hrm-portal-ssmi\\dataconnect`\n"}}
[debug] [2026-03-10T02:41:23.284Z] E0310 09:41:23.283714   14756 watch.go:40] Failed to load config from "c:\\Users\\muale\\Desktop\\SSMI\\hrm-portal-ssmi\\dataconnect": could not find dataconnect.yaml in `c:\Users\muale\Desktop\SSMI\hrm-portal-ssmi\dataconnect`
 {"metadata":{"emulator":{"name":"dataconnect"},"message":"E0310 09:41:23.283714   14756 watch.go:40] Failed to load config from \"c:\\\\Users\\\\muale\\\\Desktop\\\\SSMI\\\\hrm-portal-ssmi\\\\dataconnect\": could not find dataconnect.yaml in `c:\\Users\\muale\\Desktop\\SSMI\\hrm-portal-ssmi\\dataconnect`\n"}}
[debug] [2026-03-10T02:41:33.283Z] E0310 09:41:33.282837   14756 watch.go:116] watchAllDir unable to walk dir `c:\Users\muale\Desktop\SSMI\hrm-portal-ssmi\dataconnect`: CreateFile c:\Users\muale\Desktop\SSMI\hrm-portal-ssmi\dataconnect: The system cannot find the file specified.
 {"metadata":{"emulator":{"name":"dataconnect"},"message":"E0310 09:41:33.282837   14756 watch.go:116] watchAllDir unable to walk dir `c:\\Users\\muale\\Desktop\\SSMI\\hrm-portal-ssmi\\dataconnect`: CreateFile c:\\Users\\muale\\Desktop\\SSMI\\hrm-portal-ssmi\\dataconnect: The system cannot find the file specified.\n"}}
[debug] [2026-03-10T02:41:33.284Z] E0310 09:41:33.283544   14756 watch.go:40] Failed to load config from "c:\\Users\\muale\\Desktop\\SSMI\\hrm-portal-ssmi\\dataconnect": could not find dataconnect.yaml in `c:\Users\muale\Desktop\SSMI\hrm-portal-ssmi\dataconnect`
 {"metadata":{"emulator":{"name":"dataconnect"},"message":"E0310 09:41:33.283544   14756 watch.go:40] Failed to load config from \"c:\\\\Users\\\\muale\\\\Desktop\\\\SSMI\\\\hrm-portal-ssmi\\\\dataconnect\": could not find dataconnect.yaml in `c:\\Users\\muale\\Desktop\\SSMI\\hrm-portal-ssmi\\dataconnect`\n"}}
[debug] [2026-03-10T02:41:43.283Z] E0310 09:41:43.283524   14756 watch.go:40] Failed to load config from "c:\\Users\\muale\\Desktop\\SSMI\\hrm-portal-ssmi\\dataconnect": could not find dataconnect.yaml in `c:\Users\muale\Desktop\SSMI\hrm-portal-ssmi\dataconnect`
 {"metadata":{"emulator":{"name":"dataconnect"},"message":"E0310 09:41:43.283524   14756 watch.go:40] Failed to load config from \"c:\\\\Users\\\\muale\\\\Desktop\\\\SSMI\\\\hrm-portal-ssmi\\\\dataconnect\": could not find dataconnect.yaml in `c:\\Users\\muale\\Desktop\\SSMI\\hrm-portal-ssmi\\dataconnect`\n"}}
[debug] [2026-03-10T02:41:53.285Z] E0310 09:41:53.284395   14756 watch.go:40] Failed to load config from "c:\\Users\\muale\\Desktop\\SSMI\\hrm-portal-ssmi\\dataconnect": could not find dataconnect.yaml in `c:\Users\muale\Desktop\SSMI\hrm-portal-ssmi\dataconnect`
 {"metadata":{"emulator":{"name":"dataconnect"},"message":"E0310 09:41:53.284395   14756 watch.go:40] Failed to load config from \"c:\\\\Users\\\\muale\\\\Desktop\\\\SSMI\\\\hrm-portal-ssmi\\\\dataconnect\": could not find dataconnect.yaml in `c:\\Users\\muale\\Desktop\\SSMI\\hrm-portal-ssmi\\dataconnect`\n"}}
[debug] [2026-03-10T02:42:03.284Z] E0310 09:42:03.283530   14756 watch.go:40] Failed to load config from "c:\\Users\\muale\\Desktop\\SSMI\\hrm-portal-ssmi\\dataconnect": could not find dataconnect.yaml in `c:\Users\muale\Desktop\SSMI\hrm-portal-ssmi\dataconnect`
 {"metadata":{"emulator":{"name":"dataconnect"},"message":"E0310 09:42:03.283530   14756 watch.go:40] Failed to load config from \"c:\\\\Users\\\\muale\\\\Desktop\\\\SSMI\\\\hrm-portal-ssmi\\\\dataconnect\": could not find dataconnect.yaml in `c:\\Users\\muale\\Desktop\\SSMI\\hrm-portal-ssmi\\dataconnect`\n"}}
[debug] [2026-03-10T02:42:13.283Z] E0310 09:42:13.283527   14756 watch.go:40] Failed to load config from "c:\\Users\\muale\\Desktop\\SSMI\\hrm-portal-ssmi\\dataconnect": could not find dataconnect.yaml in `c:\Users\muale\Desktop\SSMI\hrm-portal-ssmi\dataconnect`
 {"metadata":{"emulator":{"name":"dataconnect"},"message":"E0310 09:42:13.283527   14756 watch.go:40] Failed to load config from \"c:\\\\Users\\\\muale\\\\Desktop\\\\SSMI\\\\hrm-portal-ssmi\\\\dataconnect\": could not find dataconnect.yaml in `c:\\Users\\muale\\Desktop\\SSMI\\hrm-portal-ssmi\\dataconnect`\n"}}
[debug] [2026-03-10T02:42:23.283Z] E0310 09:42:23.283352   14756 watch.go:40] Failed to load config from "c:\\Users\\muale\\Desktop\\SSMI\\hrm-portal-ssmi\\dataconnect": could not find dataconnect.yaml in `c:\Users\muale\Desktop\SSMI\hrm-portal-ssmi\dataconnect`
 {"metadata":{"emulator":{"name":"dataconnect"},"message":"E0310 09:42:23.283352   14756 watch.go:40] Failed to load config from \"c:\\\\Users\\\\muale\\\\Desktop\\\\SSMI\\\\hrm-portal-ssmi\\\\dataconnect\": could not find dataconnect.yaml in `c:\\Users\\muale\\Desktop\\SSMI\\hrm-portal-ssmi\\dataconnect`\n"}}
[debug] [2026-03-10T02:42:33.283Z] E0310 09:42:33.282848   14756 watch.go:116] watchAllDir unable to walk dir `c:\Users\muale\Desktop\SSMI\hrm-portal-ssmi\dataconnect`: CreateFile c:\Users\muale\Desktop\SSMI\hrm-portal-ssmi\dataconnect: The system cannot find the file specified.
 {"metadata":{"emulator":{"name":"dataconnect"},"message":"E0310 09:42:33.282848   14756 watch.go:116] watchAllDir unable to walk dir `c:\\Users\\muale\\Desktop\\SSMI\\hrm-portal-ssmi\\dataconnect`: CreateFile c:\\Users\\muale\\Desktop\\SSMI\\hrm-portal-ssmi\\dataconnect: The system cannot find the file specified.\n"}}
[debug] [2026-03-10T02:42:33.284Z] E0310 09:42:33.283633   14756 watch.go:40] Failed to load config from "c:\\Users\\muale\\Desktop\\SSMI\\hrm-portal-ssmi\\dataconnect": could not find dataconnect.yaml in `c:\Users\muale\Desktop\SSMI\hrm-portal-ssmi\dataconnect`
 {"metadata":{"emulator":{"name":"dataconnect"},"message":"E0310 09:42:33.283633   14756 watch.go:40] Failed to load config from \"c:\\\\Users\\\\muale\\\\Desktop\\\\SSMI\\\\hrm-portal-ssmi\\\\dataconnect\": could not find dataconnect.yaml in `c:\\Users\\muale\\Desktop\\SSMI\\hrm-portal-ssmi\\dataconnect`\n"}}
[debug] [2026-03-10T02:42:43.283Z] E0310 09:42:43.283426   14756 watch.go:40] Failed to load config from "c:\\Users\\muale\\Desktop\\SSMI\\hrm-portal-ssmi\\dataconnect": could not find dataconnect.yaml in `c:\Users\muale\Desktop\SSMI\hrm-portal-ssmi\dataconnect`
 {"metadata":{"emulator":{"name":"dataconnect"},"message":"E0310 09:42:43.283426   14756 watch.go:40] Failed to load config from \"c:\\\\Users\\\\muale\\\\Desktop\\\\SSMI\\\\hrm-portal-ssmi\\\\dataconnect\": could not find dataconnect.yaml in `c:\\Users\\muale\\Desktop\\SSMI\\hrm-portal-ssmi\\dataconnect`\n"}}
[debug] [2026-03-10T02:42:53.283Z] E0310 09:42:53.282627   14756 watch.go:40] Failed to load config from "c:\\Users\\muale\\Desktop\\SSMI\\hrm-portal-ssmi\\dataconnect": could not find dataconnect.yaml in `c:\Users\muale\Desktop\SSMI\hrm-portal-ssmi\dataconnect`
 {"metadata":{"emulator":{"name":"dataconnect"},"message":"E0310 09:42:53.282627   14756 watch.go:40] Failed to load config from \"c:\\\\Users\\\\muale\\\\Desktop\\\\SSMI\\\\hrm-portal-ssmi\\\\dataconnect\": could not find dataconnect.yaml in `c:\\Users\\muale\\Desktop\\SSMI\\hrm-portal-ssmi\\dataconnect`\n"}}
[debug] [2026-03-10T02:43:03.283Z] E0310 09:43:03.283448   14756 watch.go:40] Failed to load config from "c:\\Users\\muale\\Desktop\\SSMI\\hrm-portal-ssmi\\dataconnect": could not find dataconnect.yaml in `c:\Users\muale\Desktop\SSMI\hrm-portal-ssmi\dataconnect`
 {"metadata":{"emulator":{"name":"dataconnect"},"message":"E0310 09:43:03.283448   14756 watch.go:40] Failed to load config from \"c:\\\\Users\\\\muale\\\\Desktop\\\\SSMI\\\\hrm-portal-ssmi\\\\dataconnect\": could not find dataconnect.yaml in `c:\\Users\\muale\\Desktop\\SSMI\\hrm-portal-ssmi\\dataconnect`\n"}}
[debug] [2026-03-10T02:43:13.283Z] E0310 09:43:13.283380   14756 watch.go:40] Failed to load config from "c:\\Users\\muale\\Desktop\\SSMI\\hrm-portal-ssmi\\dataconnect": could not find dataconnect.yaml in `c:\Users\muale\Desktop\SSMI\hrm-portal-ssmi\dataconnect`
 {"metadata":{"emulator":{"name":"dataconnect"},"message":"E0310 09:43:13.283380   14756 watch.go:40] Failed to load config from \"c:\\\\Users\\\\muale\\\\Desktop\\\\SSMI\\\\hrm-portal-ssmi\\\\dataconnect\": could not find dataconnect.yaml in `c:\\Users\\muale\\Desktop\\SSMI\\hrm-portal-ssmi\\dataconnect`\n"}}
[debug] [2026-03-10T02:43:23.283Z] E0310 09:43:23.283515   14756 watch.go:40] Failed to load config from "c:\\Users\\muale\\Desktop\\SSMI\\hrm-portal-ssmi\\dataconnect": could not find dataconnect.yaml in `c:\Users\muale\Desktop\SSMI\hrm-portal-ssmi\dataconnect`
 {"metadata":{"emulator":{"name":"dataconnect"},"message":"E0310 09:43:23.283515   14756 watch.go:40] Failed to load config from \"c:\\\\Users\\\\muale\\\\Desktop\\\\SSMI\\\\hrm-portal-ssmi\\\\dataconnect\": could not find dataconnect.yaml in `c:\\Users\\muale\\Desktop\\SSMI\\hrm-portal-ssmi\\dataconnect`\n"}}
[debug] [2026-03-10T02:43:33.284Z] E0310 09:43:33.283272   14756 watch.go:116] watchAllDir unable to walk dir `c:\Users\muale\Desktop\SSMI\hrm-portal-ssmi\dataconnect`: CreateFile c:\Users\muale\Desktop\SSMI\hrm-portal-ssmi\dataconnect: The system cannot find the file specified.
 {"metadata":{"emulator":{"name":"dataconnect"},"message":"E0310 09:43:33.283272   14756 watch.go:116] watchAllDir unable to walk dir `c:\\Users\\muale\\Desktop\\SSMI\\hrm-portal-ssmi\\dataconnect`: CreateFile c:\\Users\\muale\\Desktop\\SSMI\\hrm-portal-ssmi\\dataconnect: The system cannot find the file specified.\n"}}
[debug] [2026-03-10T02:43:33.289Z] E0310 09:43:33.284641   14756 watch.go:40] Failed to load config from "c:\\Users\\muale\\Desktop\\SSMI\\hrm-portal-ssmi\\dataconnect": could not find dataconnect.yaml in `c:\Users\muale\Desktop\SSMI\hrm-portal-ssmi\dataconnect`
 {"metadata":{"emulator":{"name":"dataconnect"},"message":"E0310 09:43:33.284641   14756 watch.go:40] Failed to load config from \"c:\\\\Users\\\\muale\\\\Desktop\\\\SSMI\\\\hrm-portal-ssmi\\\\dataconnect\": could not find dataconnect.yaml in `c:\\Users\\muale\\Desktop\\SSMI\\hrm-portal-ssmi\\dataconnect`\n"}}
[debug] [2026-03-10T02:43:43.285Z] E0310 09:43:43.285267   14756 watch.go:40] Failed to load config from "c:\\Users\\muale\\Desktop\\SSMI\\hrm-portal-ssmi\\dataconnect": could not find dataconnect.yaml in `c:\Users\muale\Desktop\SSMI\hrm-portal-ssmi\dataconnect`
 {"metadata":{"emulator":{"name":"dataconnect"},"message":"E0310 09:43:43.285267   14756 watch.go:40] Failed to load config from \"c:\\\\Users\\\\muale\\\\Desktop\\\\SSMI\\\\hrm-portal-ssmi\\\\dataconnect\": could not find dataconnect.yaml in `c:\\Users\\muale\\Desktop\\SSMI\\hrm-portal-ssmi\\dataconnect`\n"}}
[debug] [2026-03-10T02:43:53.283Z] E0310 09:43:53.283511   14756 watch.go:40] Failed to load config from "c:\\Users\\muale\\Desktop\\SSMI\\hrm-portal-ssmi\\dataconnect": could not find dataconnect.yaml in `c:\Users\muale\Desktop\SSMI\hrm-portal-ssmi\dataconnect`
 {"metadata":{"emulator":{"name":"dataconnect"},"message":"E0310 09:43:53.283511   14756 watch.go:40] Failed to load config from \"c:\\\\Users\\\\muale\\\\Desktop\\\\SSMI\\\\hrm-portal-ssmi\\\\dataconnect\": could not find dataconnect.yaml in `c:\\Users\\muale\\Desktop\\SSMI\\hrm-portal-ssmi\\dataconnect`\n"}}
[debug] [2026-03-10T02:44:03.283Z] E0310 09:44:03.283554   14756 watch.go:40] Failed to load config from "c:\\Users\\muale\\Desktop\\SSMI\\hrm-portal-ssmi\\dataconnect": could not find dataconnect.yaml in `c:\Users\muale\Desktop\SSMI\hrm-portal-ssmi\dataconnect`
 {"metadata":{"emulator":{"name":"dataconnect"},"message":"E0310 09:44:03.283554   14756 watch.go:40] Failed to load config from \"c:\\\\Users\\\\muale\\\\Desktop\\\\SSMI\\\\hrm-portal-ssmi\\\\dataconnect\": could not find dataconnect.yaml in `c:\\Users\\muale\\Desktop\\SSMI\\hrm-portal-ssmi\\dataconnect`\n"}}
[debug] [2026-03-10T02:44:13.284Z] E0310 09:44:13.284548   14756 watch.go:40] Failed to load config from "c:\\Users\\muale\\Desktop\\SSMI\\hrm-portal-ssmi\\dataconnect": could not find dataconnect.yaml in `c:\Users\muale\Desktop\SSMI\hrm-portal-ssmi\dataconnect`
 {"metadata":{"emulator":{"name":"dataconnect"},"message":"E0310 09:44:13.284548   14756 watch.go:40] Failed to load config from \"c:\\\\Users\\\\muale\\\\Desktop\\\\SSMI\\\\hrm-portal-ssmi\\\\dataconnect\": could not find dataconnect.yaml in `c:\\Users\\muale\\Desktop\\SSMI\\hrm-portal-ssmi\\dataconnect`\n"}}
[debug] [2026-03-10T02:44:23.283Z] E0310 09:44:23.283417   14756 watch.go:40] Failed to load config from "c:\\Users\\muale\\Desktop\\SSMI\\hrm-portal-ssmi\\dataconnect": could not find dataconnect.yaml in `c:\Users\muale\Desktop\SSMI\hrm-portal-ssmi\dataconnect`
 {"metadata":{"emulator":{"name":"dataconnect"},"message":"E0310 09:44:23.283417   14756 watch.go:40] Failed to load config from \"c:\\\\Users\\\\muale\\\\Desktop\\\\SSMI\\\\hrm-portal-ssmi\\\\dataconnect\": could not find dataconnect.yaml in `c:\\Users\\muale\\Desktop\\SSMI\\hrm-portal-ssmi\\dataconnect`\n"}}
[debug] [2026-03-10T02:44:33.283Z] E0310 09:44:33.282596   14756 watch.go:116] watchAllDir unable to walk dir `c:\Users\muale\Desktop\SSMI\hrm-portal-ssmi\dataconnect`: CreateFile c:\Users\muale\Desktop\SSMI\hrm-portal-ssmi\dataconnect: The system cannot find the file specified.
 {"metadata":{"emulator":{"name":"dataconnect"},"message":"E0310 09:44:33.282596   14756 watch.go:116] watchAllDir unable to walk dir `c:\\Users\\muale\\Desktop\\SSMI\\hrm-portal-ssmi\\dataconnect`: CreateFile c:\\Users\\muale\\Desktop\\SSMI\\hrm-portal-ssmi\\dataconnect: The system cannot find the file specified.\n"}}
[debug] [2026-03-10T02:44:33.284Z] E0310 09:44:33.283119   14756 watch.go:40] Failed to load config from "c:\\Users\\muale\\Desktop\\SSMI\\hrm-portal-ssmi\\dataconnect": could not find dataconnect.yaml in `c:\Users\muale\Desktop\SSMI\hrm-portal-ssmi\dataconnect`
 {"metadata":{"emulator":{"name":"dataconnect"},"message":"E0310 09:44:33.283119   14756 watch.go:40] Failed to load config from \"c:\\\\Users\\\\muale\\\\Desktop\\\\SSMI\\\\hrm-portal-ssmi\\\\dataconnect\": could not find dataconnect.yaml in `c:\\Users\\muale\\Desktop\\SSMI\\hrm-portal-ssmi\\dataconnect`\n"}}
[debug] [2026-03-10T02:44:43.284Z] E0310 09:44:43.284215   14756 watch.go:40] Failed to load config from "c:\\Users\\muale\\Desktop\\SSMI\\hrm-portal-ssmi\\dataconnect": could not find dataconnect.yaml in `c:\Users\muale\Desktop\SSMI\hrm-portal-ssmi\dataconnect`
 {"metadata":{"emulator":{"name":"dataconnect"},"message":"E0310 09:44:43.284215   14756 watch.go:40] Failed to load config from \"c:\\\\Users\\\\muale\\\\Desktop\\\\SSMI\\\\hrm-portal-ssmi\\\\dataconnect\": could not find dataconnect.yaml in `c:\\Users\\muale\\Desktop\\SSMI\\hrm-portal-ssmi\\dataconnect`\n"}}
[debug] [2026-03-10T02:44:53.283Z] E0310 09:44:53.283515   14756 watch.go:40] Failed to load config from "c:\\Users\\muale\\Desktop\\SSMI\\hrm-portal-ssmi\\dataconnect": could not find dataconnect.yaml in `c:\Users\muale\Desktop\SSMI\hrm-portal-ssmi\dataconnect`
 {"metadata":{"emulator":{"name":"dataconnect"},"message":"E0310 09:44:53.283515   14756 watch.go:40] Failed to load config from \"c:\\\\Users\\\\muale\\\\Desktop\\\\SSMI\\\\hrm-portal-ssmi\\\\dataconnect\": could not find dataconnect.yaml in `c:\\Users\\muale\\Desktop\\SSMI\\hrm-portal-ssmi\\dataconnect`\n"}}
[debug] [2026-03-10T02:45:03.284Z] E0310 09:45:03.283692   14756 watch.go:40] Failed to load config from "c:\\Users\\muale\\Desktop\\SSMI\\hrm-portal-ssmi\\dataconnect": could not find dataconnect.yaml in `c:\Users\muale\Desktop\SSMI\hrm-portal-ssmi\dataconnect`
 {"metadata":{"emulator":{"name":"dataconnect"},"message":"E0310 09:45:03.283692   14756 watch.go:40] Failed to load config from \"c:\\\\Users\\\\muale\\\\Desktop\\\\SSMI\\\\hrm-portal-ssmi\\\\dataconnect\": could not find dataconnect.yaml in `c:\\Users\\muale\\Desktop\\SSMI\\hrm-portal-ssmi\\dataconnect`\n"}}
[debug] [2026-03-10T02:45:13.283Z] E0310 09:45:13.283243   14756 watch.go:40] Failed to load config from "c:\\Users\\muale\\Desktop\\SSMI\\hrm-portal-ssmi\\dataconnect": could not find dataconnect.yaml in `c:\Users\muale\Desktop\SSMI\hrm-portal-ssmi\dataconnect`
 {"metadata":{"emulator":{"name":"dataconnect"},"message":"E0310 09:45:13.283243   14756 watch.go:40] Failed to load config from \"c:\\\\Users\\\\muale\\\\Desktop\\\\SSMI\\\\hrm-portal-ssmi\\\\dataconnect\": could not find dataconnect.yaml in `c:\\Users\\muale\\Desktop\\SSMI\\hrm-portal-ssmi\\dataconnect`\n"}}
[debug] [2026-03-10T02:45:23.284Z] E0310 09:45:23.283588   14756 watch.go:40] Failed to load config from "c:\\Users\\muale\\Desktop\\SSMI\\hrm-portal-ssmi\\dataconnect": could not find dataconnect.yaml in `c:\Users\muale\Desktop\SSMI\hrm-portal-ssmi\dataconnect`
 {"metadata":{"emulator":{"name":"dataconnect"},"message":"E0310 09:45:23.283588   14756 watch.go:40] Failed to load config from \"c:\\\\Users\\\\muale\\\\Desktop\\\\SSMI\\\\hrm-portal-ssmi\\\\dataconnect\": could not find dataconnect.yaml in `c:\\Users\\muale\\Desktop\\SSMI\\hrm-portal-ssmi\\dataconnect`\n"}}
[debug] [2026-03-10T02:45:33.282Z] E0310 09:45:33.282632   14756 watch.go:116] watchAllDir unable to walk dir `c:\Users\muale\Desktop\SSMI\hrm-portal-ssmi\dataconnect`: CreateFile c:\Users\muale\Desktop\SSMI\hrm-portal-ssmi\dataconnect: The system cannot find the file specified.
 {"metadata":{"emulator":{"name":"dataconnect"},"message":"E0310 09:45:33.282632   14756 watch.go:116] watchAllDir unable to walk dir `c:\\Users\\muale\\Desktop\\SSMI\\hrm-portal-ssmi\\dataconnect`: CreateFile c:\\Users\\muale\\Desktop\\SSMI\\hrm-portal-ssmi\\dataconnect: The system cannot find the file specified.\n"}}
[debug] [2026-03-10T02:45:33.284Z] E0310 09:45:33.283691   14756 watch.go:40] Failed to load config from "c:\\Users\\muale\\Desktop\\SSMI\\hrm-portal-ssmi\\dataconnect": could not find dataconnect.yaml in `c:\Users\muale\Desktop\SSMI\hrm-portal-ssmi\dataconnect`
 {"metadata":{"emulator":{"name":"dataconnect"},"message":"E0310 09:45:33.283691   14756 watch.go:40] Failed to load config from \"c:\\\\Users\\\\muale\\\\Desktop\\\\SSMI\\\\hrm-portal-ssmi\\\\dataconnect\": could not find dataconnect.yaml in `c:\\Users\\muale\\Desktop\\SSMI\\hrm-portal-ssmi\\dataconnect`\n"}}
[debug] [2026-03-10T02:45:43.284Z] E0310 09:45:43.284125   14756 watch.go:40] Failed to load config from "c:\\Users\\muale\\Desktop\\SSMI\\hrm-portal-ssmi\\dataconnect": could not find dataconnect.yaml in `c:\Users\muale\Desktop\SSMI\hrm-portal-ssmi\dataconnect`
 {"metadata":{"emulator":{"name":"dataconnect"},"message":"E0310 09:45:43.284125   14756 watch.go:40] Failed to load config from \"c:\\\\Users\\\\muale\\\\Desktop\\\\SSMI\\\\hrm-portal-ssmi\\\\dataconnect\": could not find dataconnect.yaml in `c:\\Users\\muale\\Desktop\\SSMI\\hrm-portal-ssmi\\dataconnect`\n"}}
[debug] [2026-03-10T02:45:53.284Z] E0310 09:45:53.283600   14756 watch.go:40] Failed to load config from "c:\\Users\\muale\\Desktop\\SSMI\\hrm-portal-ssmi\\dataconnect": could not find dataconnect.yaml in `c:\Users\muale\Desktop\SSMI\hrm-portal-ssmi\dataconnect`
 {"metadata":{"emulator":{"name":"dataconnect"},"message":"E0310 09:45:53.283600   14756 watch.go:40] Failed to load config from \"c:\\\\Users\\\\muale\\\\Desktop\\\\SSMI\\\\hrm-portal-ssmi\\\\dataconnect\": could not find dataconnect.yaml in `c:\\Users\\muale\\Desktop\\SSMI\\hrm-portal-ssmi\\dataconnect`\n"}}
[debug] [2026-03-10T02:46:03.285Z] E0310 09:46:03.283724   14756 watch.go:40] Failed to load config from "c:\\Users\\muale\\Desktop\\SSMI\\hrm-portal-ssmi\\dataconnect": could not find dataconnect.yaml in `c:\Users\muale\Desktop\SSMI\hrm-portal-ssmi\dataconnect`
 {"metadata":{"emulator":{"name":"dataconnect"},"message":"E0310 09:46:03.283724   14756 watch.go:40] Failed to load config from \"c:\\\\Users\\\\muale\\\\Desktop\\\\SSMI\\\\hrm-portal-ssmi\\\\dataconnect\": could not find dataconnect.yaml in `c:\\Users\\muale\\Desktop\\SSMI\\hrm-portal-ssmi\\dataconnect`\n"}}
[debug] [2026-03-10T02:46:13.298Z] E0310 09:46:13.298112   14756 watch.go:40] Failed to load config from "c:\\Users\\muale\\Desktop\\SSMI\\hrm-portal-ssmi\\dataconnect": could not find dataconnect.yaml in `c:\Users\muale\Desktop\SSMI\hrm-portal-ssmi\dataconnect`
 {"metadata":{"emulator":{"name":"dataconnect"},"message":"E0310 09:46:13.298112   14756 watch.go:40] Failed to load config from \"c:\\\\Users\\\\muale\\\\Desktop\\\\SSMI\\\\hrm-portal-ssmi\\\\dataconnect\": could not find dataconnect.yaml in `c:\\Users\\muale\\Desktop\\SSMI\\hrm-portal-ssmi\\dataconnect`\n"}}
[debug] [2026-03-10T02:46:23.283Z] E0310 09:46:23.283780   14756 watch.go:40] Failed to load config from "c:\\Users\\muale\\Desktop\\SSMI\\hrm-portal-ssmi\\dataconnect": could not find dataconnect.yaml in `c:\Users\muale\Desktop\SSMI\hrm-portal-ssmi\dataconnect`
 {"metadata":{"emulator":{"name":"dataconnect"},"message":"E0310 09:46:23.283780   14756 watch.go:40] Failed to load config from \"c:\\\\Users\\\\muale\\\\Desktop\\\\SSMI\\\\hrm-portal-ssmi\\\\dataconnect\": could not find dataconnect.yaml in `c:\\Users\\muale\\Desktop\\SSMI\\hrm-portal-ssmi\\dataconnect`\n"}}
[debug] [2026-03-10T02:46:33.283Z] E0310 09:46:33.283029   14756 watch.go:116] watchAllDir unable to walk dir `c:\Users\muale\Desktop\SSMI\hrm-portal-ssmi\dataconnect`: CreateFile c:\Users\muale\Desktop\SSMI\hrm-portal-ssmi\dataconnect: The system cannot find the file specified.
 {"metadata":{"emulator":{"name":"dataconnect"},"message":"E0310 09:46:33.283029   14756 watch.go:116] watchAllDir unable to walk dir `c:\\Users\\muale\\Desktop\\SSMI\\hrm-portal-ssmi\\dataconnect`: CreateFile c:\\Users\\muale\\Desktop\\SSMI\\hrm-portal-ssmi\\dataconnect: The system cannot find the file specified.\n"}}
[debug] [2026-03-10T02:46:33.285Z] E0310 09:46:33.283855   14756 watch.go:40] Failed to load config from "c:\\Users\\muale\\Desktop\\SSMI\\hrm-portal-ssmi\\dataconnect": could not find dataconnect.yaml in `c:\Users\muale\Desktop\SSMI\hrm-portal-ssmi\dataconnect`
 {"metadata":{"emulator":{"name":"dataconnect"},"message":"E0310 09:46:33.283855   14756 watch.go:40] Failed to load config from \"c:\\\\Users\\\\muale\\\\Desktop\\\\SSMI\\\\hrm-portal-ssmi\\\\dataconnect\": could not find dataconnect.yaml in `c:\\Users\\muale\\Desktop\\SSMI\\hrm-portal-ssmi\\dataconnect`\n"}}
[debug] [2026-03-10T02:46:43.283Z] E0310 09:46:43.282884   14756 watch.go:40] Failed to load config from "c:\\Users\\muale\\Desktop\\SSMI\\hrm-portal-ssmi\\dataconnect": could not find dataconnect.yaml in `c:\Users\muale\Desktop\SSMI\hrm-portal-ssmi\dataconnect`
 {"metadata":{"emulator":{"name":"dataconnect"},"message":"E0310 09:46:43.282884   14756 watch.go:40] Failed to load config from \"c:\\\\Users\\\\muale\\\\Desktop\\\\SSMI\\\\hrm-portal-ssmi\\\\dataconnect\": could not find dataconnect.yaml in `c:\\Users\\muale\\Desktop\\SSMI\\hrm-portal-ssmi\\dataconnect`\n"}}
[debug] [2026-03-10T02:46:53.284Z] E0310 09:46:53.283902   14756 watch.go:40] Failed to load config from "c:\\Users\\muale\\Desktop\\SSMI\\hrm-portal-ssmi\\dataconnect": could not find dataconnect.yaml in `c:\Users\muale\Desktop\SSMI\hrm-portal-ssmi\dataconnect`
 {"metadata":{"emulator":{"name":"dataconnect"},"message":"E0310 09:46:53.283902   14756 watch.go:40] Failed to load config from \"c:\\\\Users\\\\muale\\\\Desktop\\\\SSMI\\\\hrm-portal-ssmi\\\\dataconnect\": could not find dataconnect.yaml in `c:\\Users\\muale\\Desktop\\SSMI\\hrm-portal-ssmi\\dataconnect`\n"}}
[debug] [2026-03-10T02:47:03.284Z] E0310 09:47:03.284061   14756 watch.go:40] Failed to load config from "c:\\Users\\muale\\Desktop\\SSMI\\hrm-portal-ssmi\\dataconnect": could not find dataconnect.yaml in `c:\Users\muale\Desktop\SSMI\hrm-portal-ssmi\dataconnect`
 {"metadata":{"emulator":{"name":"dataconnect"},"message":"E0310 09:47:03.284061   14756 watch.go:40] Failed to load config from \"c:\\\\Users\\\\muale\\\\Desktop\\\\SSMI\\\\hrm-portal-ssmi\\\\dataconnect\": could not find dataconnect.yaml in `c:\\Users\\muale\\Desktop\\SSMI\\hrm-portal-ssmi\\dataconnect`\n"}}
[debug] [2026-03-10T02:47:13.283Z] E0310 09:47:13.282780   14756 watch.go:40] Failed to load config from "c:\\Users\\muale\\Desktop\\SSMI\\hrm-portal-ssmi\\dataconnect": could not find dataconnect.yaml in `c:\Users\muale\Desktop\SSMI\hrm-portal-ssmi\dataconnect`
 {"metadata":{"emulator":{"name":"dataconnect"},"message":"E0310 09:47:13.282780   14756 watch.go:40] Failed to load config from \"c:\\\\Users\\\\muale\\\\Desktop\\\\SSMI\\\\hrm-portal-ssmi\\\\dataconnect\": could not find dataconnect.yaml in `c:\\Users\\muale\\Desktop\\SSMI\\hrm-portal-ssmi\\dataconnect`\n"}}
[debug] [2026-03-10T02:47:23.284Z] E0310 09:47:23.284418   14756 watch.go:40] Failed to load config from "c:\\Users\\muale\\Desktop\\SSMI\\hrm-portal-ssmi\\dataconnect": could not find dataconnect.yaml in `c:\Users\muale\Desktop\SSMI\hrm-portal-ssmi\dataconnect`
 {"metadata":{"emulator":{"name":"dataconnect"},"message":"E0310 09:47:23.284418   14756 watch.go:40] Failed to load config from \"c:\\\\Users\\\\muale\\\\Desktop\\\\SSMI\\\\hrm-portal-ssmi\\\\dataconnect\": could not find dataconnect.yaml in `c:\\Users\\muale\\Desktop\\SSMI\\hrm-portal-ssmi\\dataconnect`\n"}}
[debug] [2026-03-10T02:47:33.283Z] E0310 09:47:33.283032   14756 watch.go:116] watchAllDir unable to walk dir `c:\Users\muale\Desktop\SSMI\hrm-portal-ssmi\dataconnect`: CreateFile c:\Users\muale\Desktop\SSMI\hrm-portal-ssmi\dataconnect: The system cannot find the file specified.
 {"metadata":{"emulator":{"name":"dataconnect"},"message":"E0310 09:47:33.283032   14756 watch.go:116] watchAllDir unable to walk dir `c:\\Users\\muale\\Desktop\\SSMI\\hrm-portal-ssmi\\dataconnect`: CreateFile c:\\Users\\muale\\Desktop\\SSMI\\hrm-portal-ssmi\\dataconnect: The system cannot find the file specified.\n"}}
[debug] [2026-03-10T02:47:33.285Z] E0310 09:47:33.284329   14756 watch.go:40] Failed to load config from "c:\\Users\\muale\\Desktop\\SSMI\\hrm-portal-ssmi\\dataconnect": could not find dataconnect.yaml in `c:\Users\muale\Desktop\SSMI\hrm-portal-ssmi\dataconnect`
 {"metadata":{"emulator":{"name":"dataconnect"},"message":"E0310 09:47:33.284329   14756 watch.go:40] Failed to load config from \"c:\\\\Users\\\\muale\\\\Desktop\\\\SSMI\\\\hrm-portal-ssmi\\\\dataconnect\": could not find dataconnect.yaml in `c:\\Users\\muale\\Desktop\\SSMI\\hrm-portal-ssmi\\dataconnect`\n"}}
[debug] [2026-03-10T02:47:43.283Z] E0310 09:47:43.283416   14756 watch.go:40] Failed to load config from "c:\\Users\\muale\\Desktop\\SSMI\\hrm-portal-ssmi\\dataconnect": could not find dataconnect.yaml in `c:\Users\muale\Desktop\SSMI\hrm-portal-ssmi\dataconnect`
 {"metadata":{"emulator":{"name":"dataconnect"},"message":"E0310 09:47:43.283416   14756 watch.go:40] Failed to load config from \"c:\\\\Users\\\\muale\\\\Desktop\\\\SSMI\\\\hrm-portal-ssmi\\\\dataconnect\": could not find dataconnect.yaml in `c:\\Users\\muale\\Desktop\\SSMI\\hrm-portal-ssmi\\dataconnect`\n"}}
[debug] [2026-03-10T02:47:53.283Z] E0310 09:47:53.283570   14756 watch.go:40] Failed to load config from "c:\\Users\\muale\\Desktop\\SSMI\\hrm-portal-ssmi\\dataconnect": could not find dataconnect.yaml in `c:\Users\muale\Desktop\SSMI\hrm-portal-ssmi\dataconnect`
 {"metadata":{"emulator":{"name":"dataconnect"},"message":"E0310 09:47:53.283570   14756 watch.go:40] Failed to load config from \"c:\\\\Users\\\\muale\\\\Desktop\\\\SSMI\\\\hrm-portal-ssmi\\\\dataconnect\": could not find dataconnect.yaml in `c:\\Users\\muale\\Desktop\\SSMI\\hrm-portal-ssmi\\dataconnect`\n"}}
[debug] [2026-03-10T02:48:03.282Z] E0310 09:48:03.283121   14756 watch.go:40] Failed to load config from "c:\\Users\\muale\\Desktop\\SSMI\\hrm-portal-ssmi\\dataconnect": could not find dataconnect.yaml in `c:\Users\muale\Desktop\SSMI\hrm-portal-ssmi\dataconnect`
 {"metadata":{"emulator":{"name":"dataconnect"},"message":"E0310 09:48:03.283121   14756 watch.go:40] Failed to load config from \"c:\\\\Users\\\\muale\\\\Desktop\\\\SSMI\\\\hrm-portal-ssmi\\\\dataconnect\": could not find dataconnect.yaml in `c:\\Users\\muale\\Desktop\\SSMI\\hrm-portal-ssmi\\dataconnect`\n"}}
[debug] [2026-03-10T02:48:13.283Z] E0310 09:48:13.284167   14756 watch.go:40] Failed to load config from "c:\\Users\\muale\\Desktop\\SSMI\\hrm-portal-ssmi\\dataconnect": could not find dataconnect.yaml in `c:\Users\muale\Desktop\SSMI\hrm-portal-ssmi\dataconnect`
 {"metadata":{"emulator":{"name":"dataconnect"},"message":"E0310 09:48:13.284167   14756 watch.go:40] Failed to load config from \"c:\\\\Users\\\\muale\\\\Desktop\\\\SSMI\\\\hrm-portal-ssmi\\\\dataconnect\": could not find dataconnect.yaml in `c:\\Users\\muale\\Desktop\\SSMI\\hrm-portal-ssmi\\dataconnect`\n"}}
[debug] [2026-03-10T02:48:23.409Z] E0310 09:48:23.409344   14756 watch.go:40] Failed to load config from "c:\\Users\\muale\\Desktop\\SSMI\\hrm-portal-ssmi\\dataconnect": could not find dataconnect.yaml in `c:\Users\muale\Desktop\SSMI\hrm-portal-ssmi\dataconnect`
 {"metadata":{"emulator":{"name":"dataconnect"},"message":"E0310 09:48:23.409344   14756 watch.go:40] Failed to load config from \"c:\\\\Users\\\\muale\\\\Desktop\\\\SSMI\\\\hrm-portal-ssmi\\\\dataconnect\": could not find dataconnect.yaml in `c:\\Users\\muale\\Desktop\\SSMI\\hrm-portal-ssmi\\dataconnect`\n"}}
[debug] [2026-03-10T02:48:33.283Z] E0310 09:48:33.283647   14756 watch.go:116] watchAllDir unable to walk dir `c:\Users\muale\Desktop\SSMI\hrm-portal-ssmi\dataconnect`: CreateFile c:\Users\muale\Desktop\SSMI\hrm-portal-ssmi\dataconnect: The system cannot find the file specified.
 {"metadata":{"emulator":{"name":"dataconnect"},"message":"E0310 09:48:33.283647   14756 watch.go:116] watchAllDir unable to walk dir `c:\\Users\\muale\\Desktop\\SSMI\\hrm-portal-ssmi\\dataconnect`: CreateFile c:\\Users\\muale\\Desktop\\SSMI\\hrm-portal-ssmi\\dataconnect: The system cannot find the file specified.\n"}}
[debug] [2026-03-10T02:48:33.289Z] E0310 09:48:33.290156   14756 watch.go:40] Failed to load config from "c:\\Users\\muale\\Desktop\\SSMI\\hrm-portal-ssmi\\dataconnect": could not find dataconnect.yaml in `c:\Users\muale\Desktop\SSMI\hrm-portal-ssmi\dataconnect`
 {"metadata":{"emulator":{"name":"dataconnect"},"message":"E0310 09:48:33.290156   14756 watch.go:40] Failed to load config from \"c:\\\\Users\\\\muale\\\\Desktop\\\\SSMI\\\\hrm-portal-ssmi\\\\dataconnect\": could not find dataconnect.yaml in `c:\\Users\\muale\\Desktop\\SSMI\\hrm-portal-ssmi\\dataconnect`\n"}}
[debug] [2026-03-10T02:48:43.298Z] E0310 09:48:43.300039   14756 watch.go:40] Failed to load config from "c:\\Users\\muale\\Desktop\\SSMI\\hrm-portal-ssmi\\dataconnect": could not find dataconnect.yaml in `c:\Users\muale\Desktop\SSMI\hrm-portal-ssmi\dataconnect`
 {"metadata":{"emulator":{"name":"dataconnect"},"message":"E0310 09:48:43.300039   14756 watch.go:40] Failed to load config from \"c:\\\\Users\\\\muale\\\\Desktop\\\\SSMI\\\\hrm-portal-ssmi\\\\dataconnect\": could not find dataconnect.yaml in `c:\\Users\\muale\\Desktop\\SSMI\\hrm-portal-ssmi\\dataconnect`\n"}}
[debug] [2026-03-10T02:49:00.547Z] E0310 09:48:53.285225   14756 watch.go:40] Failed to load config from "c:\\Users\\muale\\Desktop\\SSMI\\hrm-portal-ssmi\\dataconnect": could not find dataconnect.yaml in `c:\Users\muale\Desktop\SSMI\hrm-portal-ssmi\dataconnect`
 {"metadata":{"emulator":{"name":"dataconnect"},"message":"E0310 09:48:53.285225   14756 watch.go:40] Failed to load config from \"c:\\\\Users\\\\muale\\\\Desktop\\\\SSMI\\\\hrm-portal-ssmi\\\\dataconnect\": could not find dataconnect.yaml in `c:\\Users\\muale\\Desktop\\SSMI\\hrm-portal-ssmi\\dataconnect`\n"}}
[debug] [2026-03-10T02:49:08.493Z] E0310 09:49:03.300787   14756 watch.go:40] Failed to load config from "c:\\Users\\muale\\Desktop\\SSMI\\hrm-portal-ssmi\\dataconnect": could not find dataconnect.yaml in `c:\Users\muale\Desktop\SSMI\hrm-portal-ssmi\dataconnect`
 {"metadata":{"emulator":{"name":"dataconnect"},"message":"E0310 09:49:03.300787   14756 watch.go:40] Failed to load config from \"c:\\\\Users\\\\muale\\\\Desktop\\\\SSMI\\\\hrm-portal-ssmi\\\\dataconnect\": could not find dataconnect.yaml in `c:\\Users\\muale\\Desktop\\SSMI\\hrm-portal-ssmi\\dataconnect`\n"}}
